id,po_id,vendor_id,po_date,outstanding_amount,days_outstanding,aging_bucket,currency
e6ca63f0-ef60-42ba-a985-b393cc0466bb,60f51576-7818-4c55-b72c-719a8679e964,21c11843-4f02-45c5-bf7e-e6a25f0f6a7f,2024-06-01,268780018.26,562,Over 90,NGN
3d386be0-2a20-403e-8511-02fc128583ba,b5e48619-e3a1-4cb2-8e3e-3c3cf8d482ee,cb086d8c-420c-4715-ac6b-a1fab326ca98,2025-08-23,379180065.59,114,Over 90,NGN
3553b5b0-c629-4f83-be53-ed7de5c34017,fe06680a-89a0-41b1-98f8-ffcdfcbf22d8,1d45caf1-8721-4598-a0cc-a3754fbc0b96,2024-07-27,257474217.95,506,Over 90,NGN
5ed00b73-a59a-4cfc-b86a-3aab79d903be,2b0bbb40-f07c-4334-9fcf-e91bf3b0a64c,01882270-3ea2-44e0-8f1d-af3a1e3012cb,2024-03-12,202585275.29,643,Over 90,NGN
f83e7b7d-bf1b-402b-a7cf-dcf36dfee1c9,5550477a-7776-41ad-a823-1831aec1a13b,50add11d-b254-49f8-906d-5ffdf53b51cb,2025-05-14,67387992.38,215,Over 90,NGN
ca33a245-5fed-472c-bd93-73aeeeb7b72c,4de7a695-2905-47ec-abc9-7f41014a4b0c,83c81921-274b-48d4-b872-066fe01ea8b2,2024-05-06,132373520.52,588,Over 90,NGN
e275ac23-ef29-4e85-a36e-aa6327dee7de,4566750b-4754-4f25-baf4-ad0c0e3fb9b8,b84bc9bf-96f5-4f5d-b409-6c47933112d4,2024-03-19,77651527.2,636,Over 90,NGN
05fc4fcb-e7b4-4209-9044-9b5600ccdcd0,cd378e9d-bdd7-4303-bd87-66fe373cfd6d,d46a4b97-d08a-41ae-81f4-81f82bcfaf1b,2024-08-06,7433979.51,496,Over 90,NGN
c8db0834-455c-40b6-a60f-0360e424b1f0,6fc2d197-004c-4b39-9a09-a55470c7cc4b,b537702a-513d-4323-8ba6-1c8387f004b5,2025-06-13,37318432.33,185,Over 90,NGN
e0390255-d955-42f7-ae40-873dd2a8453d,474c9bc6-d122-4615-89a6-623dc09a5fb5,7d238362-e985-4c1f-b9b5-18f55b8671ae,2025-10-28,619418943.39,48,31-60,NGN
5d5fcceb-be1f-496e-8fcf-642e7c76015f,d3bacfd5-4662-4097-8d9c-8503e19d1f3f,adb1307a-96ac-450b-bf90-73005bd9abd6,2024-10-19,94210630.85,422,Over 90,NGN
f35e1707-19e0-4274-a83d-04be1f2ab112,ebc83e9e-ca4c-4603-9fc8-2f6e0321e1e8,b35bcef7-a9ac-4680-815b-9d677b4f3be9,2024-07-12,212824693.07,521,Over 90,NGN
7fa86c2d-352c-4ed6-a49e-b7832642d869,12b780db-3367-4eec-871e-5f5898a52e77,01882270-3ea2-44e0-8f1d-af3a1e3012cb,2025-04-04,316670583.27,255,Over 90,NGN
48815ba8-3031-42b0-94c2-54ac9223ad06,2d53de7b-c51f-4918-a9f1-d5631b8e6f98,8cc0fb07-0896-4ceb-afae-acee3e3d7f68,2025-11-30,731193640.18,15,Current,NGN
41e12a1f-d528-46a6-9872-5b3a4364f091,0a5e6a84-22f9-4020-ba47-d852992a5a7b,2d180ac9-7d5e-4483-bab9-0c8571bf1357,2024-07-07,980061670.89,526,Over 90,NGN
bbbf65dc-6c16-46e3-97be-65e52f725a27,9fb1df91-3d06-4ada-987f-8873162dd759,ab91d310-20dd-4de9-8a56-7084a723761d,2024-01-19,10260490.14,696,Over 90,NGN
74bb4dad-f0f8-4020-a155-b1b0841c4efd,aeadf603-27c5-49ce-b096-cf91eb91b09b,1b7e2824-b926-4f3f-9136-dbae7da24d23,2025-12-02,332184360.42,13,Current,NGN
d03b8fb4-e24f-4b02-9895-a83e2f57fb07,952c2158-968c-4798-a260-9084252f2f10,97075e4e-7681-4428-a37f-250af6870013,2024-11-30,20037005.42,380,Over 90,NGN
8b64b73c-5d3b-4727-af9c-efc1aca2f8f1,a4f5cca8-89cf-424b-b9cf-21eb9c874cdd,10cbeaf1-b9f9-439c-a6c9-f177e2240b07,2024-11-10,287484341.8,400,Over 90,NGN
a947a498-1d25-424d-a6e5-d075c2c9e3e8,798df7f0-c94a-4dcc-954f-86e7bade23ca,0093345f-e7b4-4824-89c0-4c17390c36a2,2025-02-23,34582609.82,295,Over 90,NGN
31aca127-6987-4cd2-8161-ad9b17613b4a,5f7bb9b1-7996-4c81-ac85-3d613f1de674,7a98b9d5-56e0-4c96-a30e-eb9c83346964,2025-03-05,93837240.68,285,Over 90,NGN
cd5ce20f-9385-456d-a0fb-7d1788467266,731e064d-d923-4438-bcf4-6bb0ba59b282,af0b9ced-9e2d-4299-89bb-9c0a14130dc0,2024-01-11,326569315.86,704,Over 90,NGN
8f590a7b-309a-4346-9dc5-abdefe820d76,a61ebbb0-82b2-4542-bb5f-a0dbce9e6f4c,a9f3205a-7316-42bb-8d88-c3f8bccb5be7,2025-06-22,630335032.61,176,Over 90,NGN
e4b1beae-0823-44ca-b396-fc94fc8563fc,2f56263b-2863-47cf-a1b4-74c0cc35a593,325fbd4e-d494-429c-b82d-309ece65a031,2024-01-21,244035993.36,694,Over 90,NGN
8f77596a-fca6-42d6-93eb-fcfc270371c4,2cf645da-48a3-4080-bea8-daefe68dd8f9,e14695af-a1d4-4c0e-8949-6021de0e43a8,2025-05-28,332390519.56,201,Over 90,NGN
0d8fd9fa-0249-4821-ad56-196ecd0f4ca6,206a2428-85c9-4a78-9fea-e8de680ce6c3,911b8562-98e4-4368-b00c-d22273eaf319,2024-11-25,255196285.53,385,Over 90,NGN
a4c8ec93-f32d-4108-b701-71dc41c02a01,cceb745c-7e22-4607-a7f8-e7760cc29b78,5ddeb406-253a-493e-be05-73e4ed6e5709,2024-12-28,541249287.87,352,Over 90,NGN
5b219e55-3923-4ea5-bb3e-a0ea2f3ead7f,61c1a442-eb41-4ba7-b079-d532dd9e14f4,0b7bea33-5d84-4cea-99f5-5230d7f6d98a,2025-05-11,36360258.53,218,Over 90,NGN
82d2853e-f565-459c-8cb5-dd99e4203975,c9c0a4bc-8d72-4254-afb2-14db185cfa9a,ae41cd2f-2b37-4235-98fe-3fa814d6bae8,2025-07-19,534943538.4,149,Over 90,NGN
8b6e6eaf-0f9d-4ece-a401-03b969699e99,e8a563b6-8e22-4635-bdd8-2e1877c0d17c,a88d909b-f598-482b-8203-950b5b7e8e18,2025-06-07,24654945.8,191,Over 90,NGN
be9204bd-6ba1-4aa9-83d9-697d8fca298e,bebe1382-3ccf-45ea-88a0-99014c56a6c1,e4a2772a-5366-4708-8309-02a2a6933717,2024-08-07,498829420.02,495,Over 90,NGN
806a6110-7927-4925-90cd-9717485f4a1f,56eb6df1-2783-4f54-89ac-d743ef1d1bcc,1d45caf1-8721-4598-a0cc-a3754fbc0b96,2024-09-05,1215854330.84,466,Over 90,NGN
82495a30-223a-492d-a9d0-6b7c3534d0bb,79b13eba-f983-4d58-8cd3-7f939d085d36,8e0ad8ce-858b-434f-b27d-3ac8006755fd,2025-07-21,1016526214.06,147,Over 90,NGN
f230297d-2bc5-415b-9082-62ac323fbfa1,776568d5-b9fb-4fb9-82c0-7f4632a2ef3d,21c11843-4f02-45c5-bf7e-e6a25f0f6a7f,2024-11-03,739645019.59,407,Over 90,NGN
ac4911a9-cc91-491d-9774-b37642ccac98,1ea46dd4-f9e8-4a61-a19b-e0dacc81f02f,77d5f616-ec3d-45a1-9811-9adef2274982,2024-05-02,230585903.09,592,Over 90,NGN
79c611c1-2c5f-43b3-b5db-fdc924264c5c,1fd5484b-e670-4a3d-bd16-3a26da9a2718,2363cb36-49c4-4c99-94cb-42ccab0580b8,2025-10-22,234651117.41,54,31-60,NGN
3919d2d9-386e-4505-ae40-5c72658f7938,0b24dc2a-3887-4192-a2ca-82de7524dfaf,ec3e6024-8da2-46ac-92a4-cafe01c49d05,2024-12-15,196143243.31,365,Over 90,NGN
51ddcbe6-7b05-4d40-bb5f-04d93bcf2367,79920468-3b33-4bf2-8ac1-8116f1f6a54b,ab91d310-20dd-4de9-8a56-7084a723761d,2025-03-11,403822964.27,279,Over 90,NGN
bc4d2612-6810-441a-bda7-a493cfa3cdda,d94427a0-c081-4d26-87c6-28bde7516d1a,94e0d3db-46fc-406c-a9ab-fbb466295afc,2024-03-03,802189962.19,652,Over 90,NGN
d87b3bfa-49d6-4f83-9f8f-0fedba9584f2,d22c61a9-0b36-408b-83c2-6ac8789d6705,27382223-42e4-4976-b9af-96558339445e,2025-04-24,744459555.24,235,Over 90,NGN
e6bd195f-2902-46b5-b070-0f5d6f748a9e,a57b3346-c5fe-4c30-b1ed-700f285ff4b1,a88d909b-f598-482b-8203-950b5b7e8e18,2024-07-05,839566582.53,528,Over 90,NGN
0b5165e1-f2b3-40de-8ee3-b6dd92454f0e,4414fee4-1bd6-4d70-a7fb-b8eca1e6ed00,47f6d027-4cea-4396-952a-72a4e4277007,2024-09-08,61067725.8,463,Over 90,NGN
57406cad-090b-4731-bebd-1610eca06167,f06d3f09-3ce9-4334-a7dd-f66cffba5452,25c2feef-01d5-4132-9400-fb08640a707f,2024-04-01,102892964.98,623,Over 90,NGN
74667dac-67fa-42b4-9b7a-950a903d4e5e,a525e2ac-4406-485a-9c91-effa53e730d1,97075e4e-7681-4428-a37f-250af6870013,2024-03-17,353283562.49,638,Over 90,NGN
b5f0840e-041a-4a1a-8f1d-a43c8f12c7ac,4d0e3b5a-13f7-4472-8d14-7bcc0a94a74e,fdbd4ff1-8cd6-4017-b064-79c39952479f,2025-07-20,101186978.54,148,Over 90,NGN
c6046600-6867-40c2-a6f6-510208d43ab4,eaa328db-95f2-4dff-a1c6-16c7cfe0b8a4,be99ce47-790c-4162-923a-f62b52e4a702,2025-11-21,331681704.6,24,Current,NGN
9e9d2506-7615-49fb-8c37-982efe64b361,be2e442a-e9e4-477d-8bbc-36ac9691603c,b537702a-513d-4323-8ba6-1c8387f004b5,2025-06-16,284402997.75,182,Over 90,NGN
efe8f6a1-00b6-45e2-9af6-d17731217bac,72e4ca85-3368-4613-b3bf-db0d19a6015b,064a5c8f-4a46-421e-ae90-af423c1cceba,2025-03-12,164195271.98,278,Over 90,NGN
4a2fe01d-0186-419c-b7e3-37c368b0724e,2d92af35-d9bd-4651-98bb-d92bd9e4e73c,4183051f-2389-4a7a-8cfb-0522b171e130,2025-08-24,533351948.75,113,Over 90,NGN
6b6fee3d-8d58-4b0a-88ba-f1e1c17c7971,15fe3243-3f61-4cab-a45e-ad0c59208494,db0bed53-8609-456e-8ac2-12e5f2f4b3cd,2025-11-01,404950011.68,44,31-60,NGN
edc566be-ed92-4338-867e-20a5715263a2,fc4bd53c-b503-4ff4-808d-f3635b3f6cbd,b9b8b60f-dead-41ac-b704-7d4c3baf4ead,2024-01-27,153367294.63,688,Over 90,NGN
b83f62e6-65f0-4184-ba6b-5e190b3553a8,f4934e29-f70d-4e0e-abd3-a23bd93b79e6,9e6faa89-dd7d-4795-bcfc-0afa70eb42e9,2024-05-22,798517697.31,572,Over 90,NGN
5b47f249-ec34-46a8-bd6e-e81dfb17d55f,2e986518-c34a-4356-932b-931a5b5b360e,b537702a-513d-4323-8ba6-1c8387f004b5,2024-07-26,371192249.28,507,Over 90,NGN
495588c8-0baf-444b-8b69-7963962e0c32,9fca1410-5bb3-4b68-b7eb-358ede76380f,0fe30b33-bbde-4754-974e-9139d830eda4,2024-12-02,8206607.56,378,Over 90,NGN
01d42811-7b55-4ecb-a03d-cb254a05bfa2,0304a4c3-5da0-45fb-8c88-8a3b40413e35,9e6faa89-dd7d-4795-bcfc-0afa70eb42e9,2025-11-29,292759657.92,16,Current,NGN
acfc1b51-3f0e-4896-b7c9-cbb378223d8d,362b1528-6243-4f5f-a04e-0812383d1645,f38f9485-f109-4472-a7ad-5667df4dac17,2024-02-08,355166845.5,676,Over 90,NGN
b45ad9dc-1830-4508-bb65-8ae5b76cf164,d0e622f2-5213-47f5-8afe-ca1021b572e7,a7610cfe-a349-4e85-801e-8e1fd85cc06e,2025-11-29,16778015.29,16,Current,NGN
0608ab24-cadd-483a-9111-76f4b8bed3c0,baa3fa8c-91b2-4c9c-8879-450e10fce82d,cb787fa9-3460-49a6-b501-852fcc0dc29b,2025-12-24,95004454.72,-9,Current,NGN
aaf69312-8853-405a-8654-3f6c0cb75e0f,3311f597-9a37-47db-8550-b8273093be9a,adb1307a-96ac-450b-bf90-73005bd9abd6,2024-11-27,26472503.81,383,Over 90,NGN
2116a8d5-6088-4f32-b995-878a93c98485,849545bc-6754-4d94-b3fc-6c1b3b8ee078,97075e4e-7681-4428-a37f-250af6870013,2024-09-28,258869699.13,443,Over 90,NGN
69fa7541-34f2-4068-8c9c-58090ca08c69,685092ba-02b9-4d27-b47c-e947d47950a2,b2017762-737c-4faa-ad37-3bc7fb3a8f64,2024-06-29,119041481.81,534,Over 90,NGN
a50c0a45-2053-4508-b992-7533fb1af9be,c078ccf7-15cb-4b70-8e04-f7cb8122c30e,5f30f40f-34d2-40f2-8e3d-a85399d60056,2025-03-14,77598825.65,276,Over 90,NGN
ddebb52b-46bd-4535-bf72-2c562238529a,5baea92f-c9cb-4add-8065-d21ebb6e3282,d0bb2ec4-4704-451e-9033-8316299d3096,2024-04-17,523178910.91,607,Over 90,NGN
faba5460-bcda-409d-bdd7-ce8e37713407,59077721-6a1b-4777-a162-6898cdbc5c9a,b18e935f-e674-4312-aa6a-b632dc4f3010,2024-04-23,286294241.44,601,Over 90,NGN
17f025d4-6060-429d-a25e-71b0b75b23eb,467923b5-6bbe-42f4-a5c7-7cc33c150fe7,67e8607a-1bed-4014-8ea7-47bfa8d0612c,2024-01-26,568233501.92,689,Over 90,NGN
3c087dea-fb92-4d92-baaa-2152c6cb8b95,68a71d2f-2483-458b-ba7c-73a1f518981c,1dca5d52-cfcf-47bf-82cc-34566b49f847,2024-09-01,187100113.14,470,Over 90,NGN
b88b1c2e-a5d9-4819-a6c4-85577e52566f,dfeb372b-2485-4b89-a8af-2ff8c8702880,4a46b4f6-6f79-4212-9c53-42b5dfcdd335,2025-05-03,531231802.45,226,Over 90,NGN
2fa373c4-48e8-4f6c-b2c6-372a0445d215,6460b3e0-82f0-4211-bf19-67df4a765203,1108c7d4-9dc9-4d56-b083-10c09b9225b9,2024-04-18,92954095.46,606,Over 90,NGN
3f8f38d6-afd1-4466-80cb-a49627f5850e,3a3effdc-182a-4f97-bf2f-ff74779c260b,5cc0b0ed-6b6d-4ccb-b7ee-cf106f810020,2025-02-11,169594642.81,307,Over 90,NGN
a02c18db-d92e-47b3-b112-7c1d8c96a8e2,fb0ab403-1d16-47f5-b1c0-aab43f857b14,4f87e6dc-c39d-484f-a7c2-87b9000cd11c,2025-12-11,20434593.63,4,Current,NGN
911010ee-d0e7-4978-b02e-d38a033cee3a,391a48f0-a68a-41a8-870c-f165a4ef4934,2363cb36-49c4-4c99-94cb-42ccab0580b8,2024-08-03,16512367.96,499,Over 90,NGN
91aeb251-7cdd-42ee-89e3-0d1ab9448126,982accb2-085a-4042-bb06-727a53759e60,9bb23b64-0462-4e16-a045-dc9cf6ab9e96,2024-04-07,186252033.09,617,Over 90,NGN
f9e3dd88-a975-456b-8a65-647968011e66,f79538f8-55b5-48c2-9af5-c872e89ed838,f949a0cf-fe2e-467f-a66e-29386b52057e,2025-08-06,15403941.67,131,Over 90,NGN
5445d877-784c-4269-b55e-0552e3684100,7075400e-9cb6-4188-84b9-ede456db2f20,cb7d989b-b666-420f-87c9-c04cb60c91ab,2024-09-10,41247389.68,461,Over 90,NGN
38ca461f-63cc-4923-adfe-313dab9303c3,142dbb5c-056c-4ec1-a4ff-14972544091f,9e6faa89-dd7d-4795-bcfc-0afa70eb42e9,2024-06-04,17348797.14,559,Over 90,NGN
314aa9d4-9d5d-4bbb-b125-c5207d921fe4,1bcf648c-4334-4607-b64e-47166c1e0231,b35bcef7-a9ac-4680-815b-9d677b4f3be9,2024-09-18,551780562.65,453,Over 90,NGN
018f0fda-9129-488e-8cc9-c9c4411081f5,5a3e43ac-791e-428d-9967-2973308ffaa2,86d0c148-e5cb-4fbf-a3fd-1d45c14d911b,2025-11-26,221818202.34,19,Current,NGN
5cee34c1-2308-422a-b385-5b4040accc53,64bb342f-ec42-4fd8-b73d-ce9810b6db15,21c11843-4f02-45c5-bf7e-e6a25f0f6a7f,2025-12-19,353586887.92,-4,Current,NGN
d03244fa-e1fa-4357-a32b-4c15ced06595,e4873bc2-e9fb-478a-8565-1bce9b5063c6,8e0ad8ce-858b-434f-b27d-3ac8006755fd,2024-01-21,154484847.73,694,Over 90,NGN
dc1b1d0c-946d-4679-a919-84b9b1405eb8,376c21a8-5ea9-4f8e-aa2d-3c19aee0097e,c8ed74d1-a67f-4d3b-b50d-0dbcb63b8319,2024-04-22,166443301.05,602,Over 90,NGN
391a921c-8ec8-4562-8ea7-20dd293a5993,a612db34-4f4c-4c87-bf9d-1d0d615c6fd5,bd9aecea-d1b7-4d28-bce5-fa42bcb82b3a,2025-10-09,182360934.41,67,61-90,NGN
0e521a4b-1e46-4e41-b12b-4e00237d101d,f3030c64-a462-4ed4-81ba-c0434b3247df,b2017762-737c-4faa-ad37-3bc7fb3a8f64,2025-01-18,266222817.34,331,Over 90,NGN
07c9b4ce-ee09-4307-9814-a45c06969361,ec56e0ca-b802-4d7f-97a8-2cff86cd6684,0f114530-b671-47f9-a494-539a9a599ac1,2025-09-27,179569049.48,79,61-90,NGN
9fd8fe81-141a-4e45-9a19-42e1485c961f,6a07d7b3-aebd-4691-bee8-d5fc428f1b1c,129fd4d3-f863-4e19-8d94-9853c608edc2,2025-05-13,357874996.97,216,Over 90,NGN
e9c07d56-41c7-424b-bfee-a4493ab4d924,439654c0-eefb-4b5d-888a-1f5867218e1a,f38f9485-f109-4472-a7ad-5667df4dac17,2025-01-26,81737456.48,323,Over 90,NGN
1911ba70-f58d-4f06-8a9d-a536f9c3ff20,83933d15-247f-4a7b-9646-452ee114e92b,d0bb2ec4-4704-451e-9033-8316299d3096,2025-06-16,140456419.97,182,Over 90,NGN
838bc441-a90b-45a4-9fe0-8066eb8beaf4,317bf1e1-f3a0-401c-8e6d-ec8ae2b194fe,0b7bea33-5d84-4cea-99f5-5230d7f6d98a,2025-06-29,425190616.31,169,Over 90,NGN
24ec7eb6-28cb-4642-b893-81e077ea9b65,316f694a-cdec-4848-8aa8-766f196c7641,4a46b4f6-6f79-4212-9c53-42b5dfcdd335,2025-09-09,95751426.99,97,Over 90,NGN
198fef09-f923-450d-ae4a-cb715352c75f,fae9ffe5-2ac3-42f2-b1ed-af4afe267613,1b05f668-c7e3-4a27-bf65-b4f3d40a41cb,2024-01-27,168105876.37,688,Over 90,NGN
a8ac03e2-2524-4d9f-a913-1f308d482ac8,c27fa77d-aaa9-4bfc-b123-aedcff0a880a,e56dea4a-1b41-42ea-b2ee-9611e28e4dee,2025-02-09,694896703.39,309,Over 90,NGN
15084388-7a33-47cb-ae30-5ace71c11dc5,b58b81ed-5ff8-4fc0-8c98-0d9bb07d2b58,49aa1370-bfe9-4842-8cfd-bf0f8968f907,2024-09-08,769035615.17,463,Over 90,NGN
67970984-de2b-457d-9e3d-2aaed6812454,64d928db-9fb5-4e15-a210-d30175fbbaf2,f6d05d41-f086-4fcf-b987-a1ec3ff68550,2025-12-14,21211447.42,1,Current,NGN
45b4e8e9-49ec-4fb5-83c4-047a4ae9b115,bd5cfbab-2bd3-4dec-89e4-7e9776e81622,92286704-bc39-416e-b672-1c8c8e175ec9,2025-03-15,659380728.37,275,Over 90,NGN
9a16166f-602f-4ded-870d-b6bee6b859fe,b377cd2d-2d9a-43bd-b13d-f194f7dee707,03d4b21c-ec1c-4373-84d2-625a6a3c7a80,2025-05-30,142376893.75,199,Over 90,NGN
ddb23e44-1f31-484b-a1b4-b9bc0140a112,3c72468e-1539-40ca-8ebd-fa71156ab913,d8556314-7372-4af8-b03e-7e70507fd12b,2024-02-24,472365551.29,660,Over 90,NGN
861077e4-559d-4d5b-b2bb-d48af8f72d9f,7b91e61b-6c74-4145-8463-70ded411d2e0,e93b5b44-3e5b-4c8e-9bc0-a92d905eab15,2025-11-06,213307789.47,39,31-60,NGN
4efeac63-9e30-4455-aef1-e99b96e7ed98,c1a7f7bb-a5e5-41a5-a9e5-e4c50c7d5320,125b57c9-acd1-472f-be74-4b1d1d43d112,2024-11-15,61274711.63,395,Over 90,NGN
f8e7724d-4fc2-4f29-8bab-7c64c3a27960,f571c4fe-7f17-4468-a503-44f6e11fc30c,d784f417-38db-4e63-8c01-ae03b680d6f1,2025-05-12,978655938.71,217,Over 90,NGN
6c8acfce-7eb8-4912-9262-13043807b3e5,c57d8616-ca72-4f0a-8bf9-90d5e153825b,cb7d989b-b666-420f-87c9-c04cb60c91ab,2025-12-13,614855452.34,2,Current,NGN
6f01c69a-4b22-4a18-991b-604686888252,9bc444a9-1c01-43a6-9cd0-0a61b002c167,3f987fc4-0166-4c12-90bf-8a1a2d55da98,2024-06-29,6882784.88,534,Over 90,NGN
878bb281-3411-4db5-bc95-fc795d16f024,70c43b06-a000-490f-a0af-9a0a0bc2bdc7,ec3e6024-8da2-46ac-92a4-cafe01c49d05,2025-07-14,621697630.89,154,Over 90,NGN
48b4167e-bff5-4c22-969c-430983a8095b,3ab579fd-af33-4f3c-be25-867966f156fa,4cb7f1f1-a60b-4c38-afbc-2662fc6b4bf0,2024-07-06,7115182.94,527,Over 90,NGN
e2e09422-0b37-48a4-a570-59895a9606ee,d66dd97c-4d0f-4631-97ee-42dc9a13ce3b,f6d05d41-f086-4fcf-b987-a1ec3ff68550,2024-02-13,390810429.41,671,Over 90,NGN
c545ed29-a23b-4951-9183-d0cbde2e32b1,0dc04690-eb9b-4322-9c02-1f9935e5403c,0200754a-8d20-4df9-8e6c-859558b87d00,2025-04-21,753201874.89,238,Over 90,NGN
6d3d9575-e133-4234-baee-901bea5888cb,bcf56b6e-a312-4ad8-8e0e-43716658d159,db0bed53-8609-456e-8ac2-12e5f2f4b3cd,2024-06-26,252926317.36,537,Over 90,NGN
97301877-1f08-4df6-9f0c-6025ac474047,c0e962cb-89e8-4b32-a452-4edff7e2c174,f063efc2-820e-4512-a1b3-920d2d8d0ed9,2024-12-06,73879847.66,374,Over 90,NGN
eb35bd00-1274-4ea4-84aa-a449b0aabbd0,de3b12c8-2274-49ca-a05e-a98216145c54,770d743b-1489-4535-8300-5334856ea83a,2025-04-08,193023239.95,251,Over 90,NGN
ce7a9eac-f556-42f1-b7bb-90edc1168fbb,161601be-0f8c-465a-95ca-206ac09d531b,80c778f0-c34a-4e07-9a1d-6ae24d175243,2024-01-09,1058042058.6,706,Over 90,NGN
53800c58-adf0-4af4-8bce-ff2c905b1510,8bab95fd-bd16-42aa-965f-20837de14ed3,fdc80963-68ef-4349-a847-c73e16c39c58,2025-02-14,688422726.04,304,Over 90,NGN
ef7b9b15-d0cf-4257-8c34-e5f6965f2dd8,e26d21aa-8957-49fb-a95d-02ffca71121a,0854344d-d8ca-4b0c-9f7f-53e172647c68,2024-01-24,597195704.37,691,Over 90,NGN
95112800-c6c7-4f09-b2ff-2bb3dd548b1f,609caec8-1dc1-4dcd-b6cf-2c809da0415d,5f30f40f-34d2-40f2-8e3d-a85399d60056,2025-02-27,372793166.53,291,Over 90,NGN
e4e4823d-3056-46f6-9820-9e90ee1391b2,704813a1-ba23-461e-920b-79a353c499b3,fca0132c-3756-437c-a43f-d55d25b5c44b,2024-12-19,382824948.17,361,Over 90,NGN
ccbcb308-0c11-483a-b092-7588e9b68c86,9f19b5e5-4e50-450d-9531-ba176ccdf10f,e56dea4a-1b41-42ea-b2ee-9611e28e4dee,2025-02-16,628191106.78,302,Over 90,NGN
e264fb30-d5b4-46a6-85ba-e06e78934d70,71041ae7-9cca-471e-8443-7956d7c10ee5,6fd5a87d-cd0d-4652-836a-2577c67b8164,2025-02-14,98608753.82,304,Over 90,NGN
71fdff26-436a-4c02-83a7-7f192ad0202b,4ed8ae33-224c-4e7a-b247-5ef48947552d,004d6b73-e5a7-4227-84a0-944f1aa2e643,2025-02-08,251608244.82,310,Over 90,NGN
f3a7f24b-8207-440d-9959-3fea0e77dd41,a376b9de-d88c-4a60-86ec-0c5eacf17bb6,8e80bca6-b4c8-48a3-9258-0e412a752775,2025-08-14,551971425.83,123,Over 90,NGN
7ab675c5-68f7-4906-9112-6829b7c1f900,b9023f80-ae53-498d-8c6a-08b99084c07a,be99ce47-790c-4162-923a-f62b52e4a702,2025-11-27,254058299.0,18,Current,NGN
95bd098b-6ec8-4c92-af77-2d99f5eaa99e,31f3ffda-2586-46c5-957d-34dbfe17b501,4cb7f1f1-a60b-4c38-afbc-2662fc6b4bf0,2025-11-07,349814061.78,38,31-60,NGN
b02534df-54ca-476f-a6f9-a51fc2aec21c,e0d952a8-663e-4443-a1ed-ef0c5fae5f03,e14695af-a1d4-4c0e-8949-6021de0e43a8,2025-01-10,167602295.91,339,Over 90,NGN
c2a07125-7a85-4752-a04b-0f3734dc152b,5e37cc6e-8129-4036-8789-52a9a45fa493,9286f0a4-c019-4261-97d4-b86375e0de41,2025-10-13,298228191.36,63,61-90,NGN
ba7aff76-1c77-4625-aec4-737e51617222,4574163c-4c14-476e-8b21-8db71a70b1c9,01882270-3ea2-44e0-8f1d-af3a1e3012cb,2025-03-31,520865441.84,259,Over 90,NGN
f1f33f06-d6f3-4e00-84f3-2144fa334c1e,1ed6ec3d-860b-442f-8dac-da3483edb478,3ee60be8-07af-417d-81c0-1cc4206c7a4e,2025-07-11,225086073.23,157,Over 90,NGN
ea22c9ec-986b-46f0-ad34-49a711ed5c68,74ca87be-548f-46ab-b987-f1216d9c8d1a,165b7a73-1b21-4823-86e9-6aaa4972c907,2024-02-28,703964353.8,656,Over 90,NGN
bc612d78-6ece-46f1-8061-fc53ba3d57f7,054119c4-c9eb-4f42-b2fa-7dcbc86320c2,8e80bca6-b4c8-48a3-9258-0e412a752775,2024-08-21,276293235.8,481,Over 90,NGN
48068268-0d22-411b-93dd-8f939d93eb55,ae34b32b-6d64-4b5e-86c3-c0aae16c9be3,e56dea4a-1b41-42ea-b2ee-9611e28e4dee,2024-10-21,324497674.46,420,Over 90,NGN
43a24bcf-cf59-40c1-a492-8c7d53ced9ef,0e24b71a-aaa4-4c2c-9e79-dc234841b38a,9e6faa89-dd7d-4795-bcfc-0afa70eb42e9,2024-06-04,257637705.05,559,Over 90,NGN
8c95b102-a0ab-4da5-ac2a-12cda98fa115,aadfa30f-f1ab-4c30-87e5-adbab398fbe1,6fd5a87d-cd0d-4652-836a-2577c67b8164,2024-02-11,145676825.85,673,Over 90,NGN
731b9d21-5978-4cc1-baa2-5fba76b9a5ea,ccf7a64e-1355-4a33-8cb0-9bb0da90ef22,4724900c-254d-4f31-8cc7-1dab420bb4eb,2025-03-29,203586103.81,261,Over 90,NGN
cfaafe9a-4470-4045-b373-d26b503f5a50,36eb4c5d-52a4-4362-8099-16a27b9730ab,fca0132c-3756-437c-a43f-d55d25b5c44b,2024-08-25,190702562.98,477,Over 90,NGN
a5df3ac3-66bb-47c4-920c-a60bc4d5ae72,cea162be-80a0-4319-b68b-a018c9368d2b,50625d74-d34f-419b-b6cd-aeb02279621b,2024-09-01,329368794.49,470,Over 90,NGN
22560f96-227d-4a51-a814-721e050fadcb,0717b03e-789c-4777-a87b-889784f166f8,28e3efd0-e7b5-489f-b27c-6cda8e50a1d1,2024-06-09,186179528.48,554,Over 90,NGN
8af657e9-8c46-4dc4-b926-f1c5b9d39784,da8e5e7c-ae57-4e0e-9257-a9b0ce1926c5,92d249d4-6af8-4400-9bdd-f0689b85ce6c,2025-02-12,135326893.95,306,Over 90,NGN
4d71135f-f32f-44e8-bf2f-644fe034b566,f81485c0-aecb-43c8-9409-5c39a30bd641,86d0c148-e5cb-4fbf-a3fd-1d45c14d911b,2024-04-10,241177500.14,614,Over 90,NGN
ca605141-aa4d-4562-a43b-07d3d9cbea4d,076cbfd6-3180-4183-bbe7-15498cce024b,f949a0cf-fe2e-467f-a66e-29386b52057e,2025-03-26,867192954.5,264,Over 90,NGN
f2c6007e-9df9-472a-88fa-2fe80052acf8,53c9f0e7-6b90-4aea-80b5-bc03ace777d1,94e0d3db-46fc-406c-a9ab-fbb466295afc,2025-08-11,156663763.37,126,Over 90,NGN
cdcb0eb6-75ad-4d12-a149-76488b5e8117,26559cd1-5b1c-4a97-9892-eeb28d7ec5b6,5ddeb406-253a-493e-be05-73e4ed6e5709,2024-06-01,1980839.12,562,Over 90,NGN
657b7055-cf80-49cb-bd39-f6b03aca9ab0,ae5f063e-0f9b-43d0-ae50-25f350348078,a88d909b-f598-482b-8203-950b5b7e8e18,2024-04-29,148511304.72,595,Over 90,NGN
29afb583-f4a4-4888-8c2a-6f313c2695c4,4f3768f9-2ca4-4916-8173-d0c655b5d5e6,f063efc2-820e-4512-a1b3-920d2d8d0ed9,2024-01-05,46475915.51,710,Over 90,NGN
db74d215-f11a-463b-9113-9fa458bd77a7,0a44d98e-5da4-48fa-a124-3aed8389d26d,94e0d3db-46fc-406c-a9ab-fbb466295afc,2024-05-15,331403749.48,579,Over 90,NGN
2b6784e2-1ed4-4748-9a1f-748ca7296085,7f70f344-ae14-4df9-a392-b087998a99ac,d8b27271-0194-44e9-a208-f3a2711a6d6d,2025-05-14,210927364.74,215,Over 90,NGN
fe5994f3-8e93-49a9-bf3e-abe310d10203,3b2227b1-ad69-468d-bde9-2114afe4fd90,67e8607a-1bed-4014-8ea7-47bfa8d0612c,2025-10-10,283651414.64,66,61-90,NGN
15d216b3-bb67-4469-955f-c9078ce8f17a,ae5edbad-aa59-4c94-b00e-7da3dcb3dc00,b9b8b60f-dead-41ac-b704-7d4c3baf4ead,2024-04-26,917860084.44,598,Over 90,NGN
df68dd2b-5e68-4e95-bb1c-de767488283c,4a5e8b31-c627-4442-91ab-e5357e9e43be,cb086d8c-420c-4715-ac6b-a1fab326ca98,2024-09-23,208765459.08,448,Over 90,NGN
b6dd76db-670b-4667-a05c-dd736d4aa159,1cc18a39-1630-4110-af22-2850cf1588db,057adf65-781b-41aa-8633-79e1473cf283,2025-07-08,28413205.71,160,Over 90,NGN
a2829c26-aa52-420c-9780-8a452fc47c0a,47b797f3-6d27-46db-8d7e-9687963eb673,4cb7f1f1-a60b-4c38-afbc-2662fc6b4bf0,2024-02-24,1068610639.61,660,Over 90,NGN
3381467b-8440-4e1d-bec3-817e44f86c4e,db9ffc96-ef25-4a7e-8e5c-033d22ef18ed,ae41cd2f-2b37-4235-98fe-3fa814d6bae8,2024-01-28,127474921.14,687,Over 90,NGN
2f67f82b-2f01-4fcf-a32b-3a3b01a2abc6,8588faf8-6faa-4dcb-b896-f4071edefcd0,47f6d027-4cea-4396-952a-72a4e4277007,2025-04-17,414962437.97,242,Over 90,NGN
bf9fee84-65cd-40fb-bd56-fed571114c7e,92ea83d3-0957-4d8e-a1ce-8ccef336f04e,8e0ad8ce-858b-434f-b27d-3ac8006755fd,2025-06-05,46360436.5,193,Over 90,NGN
0d452f92-c8cf-48f9-aece-d02473228566,1cfd2f70-dbfa-4c9f-b47c-c7bdf449289d,cdeec4ed-68fa-4b78-bd01-8763c0f49e2a,2024-04-21,273424825.77,603,Over 90,NGN
81f61f7c-72a1-4ed8-95d9-710388963264,698c7260-81a1-4364-a5b8-af5c11aec98a,38b7a755-4c83-4ff6-82c8-0374f94786b6,2025-01-17,388449258.46,332,Over 90,NGN
074aacb7-a04c-4481-b5c8-27c7417cb1c1,4a09c603-b53d-4ee5-ada3-f3df41588b26,f949a0cf-fe2e-467f-a66e-29386b52057e,2024-12-08,319633455.16,372,Over 90,NGN
8e70d79f-cebe-43b5-b21e-8984db675abb,a2b8aca9-8146-4680-b44a-598505add9fd,4defece5-265e-44c0-82d4-62f559fc7133,2026-01-02,21724666.43,-18,Current,NGN
6ad561ff-2735-45a5-a536-5a2c6209c02e,1736d27c-7bde-4d12-9ccc-5921d9053ad7,adb1307a-96ac-450b-bf90-73005bd9abd6,2025-02-02,338519770.32,316,Over 90,NGN
fdacbd3f-df9e-456c-abd4-b9c4719ea005,00685401-6de5-4279-8acb-8165b4aecdda,770e9b28-9999-4655-9615-85c3b5b319cc,2024-06-12,779127335.56,551,Over 90,NGN
31c12362-cf12-4b1e-a60b-d19f17a3ed91,6e6faedd-3017-4fee-853a-7e187e786ba8,ab91d310-20dd-4de9-8a56-7084a723761d,2025-11-26,163475129.47,19,Current,NGN
6fac14e6-5677-48c0-a6a5-28ec3c632c21,9e13ddb2-89ac-43aa-9c57-21a1be6ec5cc,e4a2772a-5366-4708-8309-02a2a6933717,2024-01-16,927261449.07,699,Over 90,NGN
f852a280-b69f-4206-b03f-8b79a963cd78,324f12f2-1872-4509-b2cc-822eaf77b930,3c4c86f4-729e-45b0-a6aa-0a3c23adfbc5,2025-01-10,2739820.89,339,Over 90,NGN
52014a0b-5c09-4416-bd4f-f8cbb8c8139e,deb18307-e5bf-4f97-84ff-ecc6bf3587a3,6fd68e05-a1e6-4fea-b5f3-673dd6c32aa9,2025-07-27,752549706.85,141,Over 90,NGN
3434e5db-0372-4471-bf2a-5661dc350b58,04579123-1cde-49f8-bf21-bdbdc4458d87,92d249d4-6af8-4400-9bdd-f0689b85ce6c,2025-03-10,72262824.47,280,Over 90,NGN
83d54ea5-5be2-4fd1-8605-3d7b0b53fcdb,cf28079f-e9b0-41f1-8f8c-94cac3b8be15,5d28d991-af20-4a95-ac85-1382f138012f,2024-02-04,280250437.94,680,Over 90,NGN
83539a97-b7a1-40fa-991e-6abd095cbbea,6ca6eaaa-a477-4e72-891d-70c3fa51447d,b35bcef7-a9ac-4680-815b-9d677b4f3be9,2024-04-21,232816981.99,603,Over 90,NGN
ab662b6f-30a0-43cc-8262-b51d39b247b5,a91442e2-464b-4ef0-b5f3-fc48ac950b5c,14152142-ccf0-465b-a7eb-71ebb96d3d53,2025-04-21,112681601.23,238,Over 90,NGN
97a61544-2b4e-413c-9797-e3458257e35e,2e32627d-5987-4829-af59-37b0ad3034da,4cb7f1f1-a60b-4c38-afbc-2662fc6b4bf0,2024-12-07,835025640.79,373,Over 90,NGN
3bf4fa43-f8f5-4e40-b0d2-a017bc14b3c8,e2369809-4b25-4e1c-bd9f-47b8bb40ff1c,cb086d8c-420c-4715-ac6b-a1fab326ca98,2025-05-12,301388137.01,217,Over 90,NGN
49e84c14-3b72-4989-bc9c-2a9e25afbbad,9d9f6d0a-6919-4a61-af8f-c17133b7878e,fc655984-173d-4afe-a37a-042896396037,2025-01-19,728298588.25,330,Over 90,NGN
6b4a333b-28fe-44c8-87be-3653c6eb9f7b,a7c69da5-53fe-4e74-b1f6-43cc86034daa,01882270-3ea2-44e0-8f1d-af3a1e3012cb,2024-02-26,379967423.03,658,Over 90,NGN
79589372-059d-45db-ad60-730decc0024b,80afac22-f80c-44c0-9b46-6af45803aaeb,ec3e6024-8da2-46ac-92a4-cafe01c49d05,2024-05-13,273017025.98,581,Over 90,NGN
169b3191-662e-4ed9-8d0f-227617c4d02a,3113e950-6daa-4703-9110-f041c680c9ee,f15b5d6c-02a6-499c-8d8c-bfa274df3217,2025-07-24,386337847.63,144,Over 90,NGN
dab2ce44-09dd-42cd-b903-dae0d7115751,ab3f0b5f-5e4b-4738-9323-2eb3fdd17fdc,80433d1e-b537-4242-87de-f81a82150cdf,2025-03-23,577686653.41,267,Over 90,NGN
2ac91bb8-3612-43dc-a892-ee1ea7d2381e,16c0ab83-5c3d-4599-b1e7-12e3ba10eebf,b84bc9bf-96f5-4f5d-b409-6c47933112d4,2024-01-28,786466686.86,687,Over 90,NGN
642e8ae1-b8bd-43a7-a11e-f1e559017ac7,e6316b2a-a9b8-4ec1-b413-579c15a8e393,17329ca3-76fc-4a0d-b252-8df2d80fea2b,2024-09-09,463103994.72,462,Over 90,NGN
36442f93-7b95-42b2-9b8f-0ca6e5af8f9b,35ec09bd-a969-4d91-b2ff-2aad35692ebe,e22bd05a-311c-4f1f-94ed-5a7dd08738bd,2025-01-25,714842162.53,324,Over 90,NGN
784f886a-d551-4cdc-8695-6b8b1fcc137e,8f5cc3d5-924d-4f33-a481-fe5b8de9157b,0bdac6ae-f307-4fca-8643-4c89dd4e6303,2024-07-10,515155068.38,523,Over 90,NGN
9f48392a-8697-4f52-9f4f-582b298ad729,b73ebba2-9ba3-42dd-9630-791de4fcdcfa,0fe30b33-bbde-4754-974e-9139d830eda4,2024-06-29,83073894.59,534,Over 90,NGN
776cb147-cc37-4f15-bd2d-371a593368eb,8afea570-81b9-46b9-a178-911aeb8f3143,86d0c148-e5cb-4fbf-a3fd-1d45c14d911b,2024-09-15,178718815.87,456,Over 90,NGN
e622f54f-ede7-4bb1-81e8-af155c6884b4,7e6082be-4291-432c-926b-25f86355d07f,5ddeb406-253a-493e-be05-73e4ed6e5709,2025-10-25,132787060.3,51,31-60,NGN
b19e933b-d1eb-49cd-a10a-4481a64162af,b9573516-8e3b-46c1-9ba8-575be6f36424,a1a6d6a5-e677-448d-84e5-122b80347e4e,2025-09-14,250757617.62,92,Over 90,NGN
90200511-1cf4-4e8e-991c-887c3899154e,1b748772-47c1-41f8-a7a5-47f1f3ba021f,bd9aecea-d1b7-4d28-bce5-fa42bcb82b3a,2024-08-30,289446800.01,472,Over 90,NGN
0713d460-3a03-4e0b-a007-c5ebba3aeb83,15946011-ad8a-42fd-a520-d324583412d5,949e0d4d-faec-422c-bc3f-eee95c611e0c,2025-07-18,148620813.63,150,Over 90,NGN
93609423-d501-4555-b3ed-a5b2d9369f60,4c2ab5d1-78c3-4fab-8af4-2c77069e3ad6,c707ea9a-efa5-424a-99c4-358f9cb38e21,2025-07-04,116099772.12,164,Over 90,NGN
bb94b86e-042d-4e4a-8794-2d29529aec3d,5e9602f8-62f6-4639-8642-a9ea9fe18afc,4a46b4f6-6f79-4212-9c53-42b5dfcdd335,2025-08-11,544345454.19,126,Over 90,NGN
1687f6b5-db52-4d57-a915-99edca447db8,4c653f73-dec7-4dd5-89a0-fcc8995cefa8,f6541db5-9502-41b1-b3eb-47860721414a,2024-08-30,118043220.97,472,Over 90,NGN
c99b1e0e-fd2d-40c3-ad7a-7c3bfc8ada33,944a54f8-e66c-4d63-aed1-96c2b22234d2,38b7a755-4c83-4ff6-82c8-0374f94786b6,2024-05-21,207481389.04,573,Over 90,NGN
816119f9-9f0d-4f70-846e-1df392c60b75,5f914134-9f05-4965-b3db-b55ecbefc5c3,004d6b73-e5a7-4227-84a0-944f1aa2e643,2025-04-20,287904285.77,239,Over 90,NGN
6e2a29e1-6873-4897-afe3-f9131352103b,a9266656-2b8b-4287-b407-735b2092ee6b,ff8492a9-b985-425a-b90d-63441bdb003c,2024-02-02,25944321.86,682,Over 90,NGN
82db755f-6d3c-4714-b794-993a21dd1df2,2f11d9a3-630b-43c9-8954-7da2101da77c,84afa85d-ece8-4906-bfe7-1450aa7f2f9b,2024-08-26,273904823.68,476,Over 90,NGN
18db36ef-b81c-46a5-8bcf-839bb3a3a560,a5737a40-844c-497c-89bf-3ba0ee1769ef,adb1307a-96ac-450b-bf90-73005bd9abd6,2024-09-03,899641665.59,468,Over 90,NGN
a987929f-5308-41c2-ba31-361f85dc3d72,b69858c4-dda6-4d9f-97f0-55c16da8b898,77c04c4f-fbbf-4086-ac26-53e502240944,2024-02-06,53437821.09,678,Over 90,NGN
9c8f1ff4-532f-4272-a84f-eda0f99f8263,41902776-6e4e-43d7-8e09-69c98a44de21,38b7a755-4c83-4ff6-82c8-0374f94786b6,2025-05-27,212874606.35,202,Over 90,NGN
991ffd84-0865-4c0f-80ec-396fc7c15a91,26bc0b78-e42c-4b30-9314-4d6b71a8279e,be99ce47-790c-4162-923a-f62b52e4a702,2025-03-02,1169064207.7,288,Over 90,NGN
0973cf6b-14cc-4c41-8a40-dec56b1fce60,b49ddca3-87eb-465c-8945-065dfd181436,7a1c6b5c-3de4-4959-ba83-a6555d8b2400,2024-05-28,233925911.31,566,Over 90,NGN
3689345f-debd-479e-8290-be59738ffdc7,1560ec6a-270c-4bb6-8780-6093280a005b,cdeec4ed-68fa-4b78-bd01-8763c0f49e2a,2024-04-05,127378511.92,619,Over 90,NGN
9173f9ce-483b-4642-bfa9-9617ebf9f754,b9a44a31-2e75-42c5-a51e-ee67309d9611,b55f6d95-eaaf-4c75-9e0a-c2c0769048af,2024-01-20,1005799916.31,695,Over 90,NGN
733e373e-b0c4-4802-b949-892473b50516,387621d4-cbe8-4c3a-bbcf-4d9ca31d2a05,165b7a73-1b21-4823-86e9-6aaa4972c907,2024-10-17,477935781.74,424,Over 90,NGN
3c1869e8-c732-49e3-96fe-839b9d11178c,20607cf8-114a-451c-97ea-3b0dd2a038f5,4183051f-2389-4a7a-8cfb-0522b171e130,2024-12-10,304395279.67,370,Over 90,NGN
96788a61-5d3a-433b-8a54-f3264b741eff,d5cab6a7-a463-4c06-b199-9470aacac8cd,92d249d4-6af8-4400-9bdd-f0689b85ce6c,2025-06-15,141150036.58,183,Over 90,NGN
393945b0-ffd6-4481-9f4e-6b09795864f1,061d0cf3-9161-4aef-a0c6-ca8b165a9fa5,d46a4b97-d08a-41ae-81f4-81f82bcfaf1b,2025-12-03,234370208.28,12,Current,NGN
3e94d4e2-281a-46d6-b649-f7a607e5b1b9,50ace7ed-368d-4fb7-b157-042ebb83b196,de383ccf-3739-4e31-82cb-57dd040a46d6,2024-05-02,449735116.26,592,Over 90,NGN
f018b96e-58f7-41b4-9b47-3c4966212830,2fbb08c4-dccd-4bb1-992b-494b0fba8cef,8cc0fb07-0896-4ceb-afae-acee3e3d7f68,2025-07-22,153071433.45,146,Over 90,NGN
e70c2dc9-7597-409c-ada0-9b1dbd85506d,fc09ec4e-34d2-4c79-a2b6-9af38bcc4507,e7eccb72-6441-4b8d-be2e-e568822fab60,2025-08-20,928499.48,117,Over 90,NGN
93ca2a0c-1951-4a56-bbe5-8c833acc8266,3dd8cf0d-2079-4988-b136-d1471647edd6,2d180ac9-7d5e-4483-bab9-0c8571bf1357,2024-02-05,274291291.13,679,Over 90,NGN
33693d31-004d-4c38-85b1-2e2633a11516,b14eda68-7fbf-41fc-a32d-2339dd5a0b2a,7efe8919-1322-4d4e-bf5e-6df9af3910db,2025-12-31,86139758.45,-16,Current,NGN
de6de9e9-128d-45b7-8553-aab20dad7d89,7e2ac64a-f583-41fe-bb77-1c29b469401f,704ab9f1-c1ee-426c-ab5f-b2ca1adadff7,2025-09-25,636646193.1,81,61-90,NGN
67db869d-8d77-453d-ad5a-06395cec2bbf,416e43d7-c7b0-4714-8245-f7925dda7ef5,adb1307a-96ac-450b-bf90-73005bd9abd6,2024-12-07,181297122.42,373,Over 90,NGN
8c8dc175-a710-4711-91f9-79d6592da047,a7692aa3-ff87-4b11-b656-e5d47c3d8421,03d4b21c-ec1c-4373-84d2-625a6a3c7a80,2025-05-19,198609259.39,210,Over 90,NGN
ab70a0f6-9872-4acb-8428-711e72f71adb,d59c18c1-7780-4a21-9683-e4919f707a63,25c2feef-01d5-4132-9400-fb08640a707f,2024-04-23,213977821.18,601,Over 90,NGN
e790b45d-6994-4c65-94cd-ae64b7dcbf26,ee6e7143-cdc1-4c62-917b-fcf1d61e6b44,2363cb36-49c4-4c99-94cb-42ccab0580b8,2024-06-13,346937298.55,550,Over 90,NGN
2027244c-5d93-498b-9642-4e19046a4c9a,bbe0c08a-7ddf-4260-abe8-6deab60fe84d,29af25a3-99de-48ab-943f-9c10fba55acc,2025-08-23,65894179.08,114,Over 90,NGN
98937baf-9ad3-4661-88e7-58cbfe0a1f83,efc06474-ab01-4601-a32b-ce2c13cd24bd,2363cb36-49c4-4c99-94cb-42ccab0580b8,2025-07-26,125302523.22,142,Over 90,NGN
1327088a-343d-4687-a336-a3359be181ec,10e43b5c-b57d-450d-8d17-a7cc25029ea6,d46a4b97-d08a-41ae-81f4-81f82bcfaf1b,2024-05-23,944429247.78,571,Over 90,NGN
9725cacc-df63-4402-8153-f3807aabf117,619d0c0a-c97c-4090-8c81-3728a8bb4c2e,a88d909b-f598-482b-8203-950b5b7e8e18,2025-12-17,80382351.13,-2,Current,NGN
fc0a69c9-5624-4e9b-b0a1-2d79e8c01191,4c2bac2c-41ed-478c-9ded-3c72a8b7d878,a0b5177f-70c4-486c-8065-72c5c2283572,2025-09-22,581735438.99,84,61-90,NGN
1fbba8d7-9f12-4f5f-a005-4281eb567688,3ca5bd62-4d8c-473e-89a2-e2ad5cde2cd2,4183051f-2389-4a7a-8cfb-0522b171e130,2024-01-12,302209833.21,703,Over 90,NGN
b96cab4a-1853-443b-be9a-293750b39ba1,d130b7d7-5044-4c25-a909-aea2a6c9dc6c,679e2c23-49be-4cca-9bc2-6f4dfcdd2b36,2024-09-28,112956075.49,443,Over 90,NGN
c228a49c-d3c7-45c0-9519-9110cd629fea,035846a3-1647-49a0-a63d-4e01b870ad4d,4a46b4f6-6f79-4212-9c53-42b5dfcdd335,2025-10-06,292182561.17,70,61-90,NGN
fe294685-ba8e-477d-bbd0-5c2f4fba51d8,839d65cf-ba57-4274-864d-c2951736cf60,7d775875-c9fc-4c00-9690-8ad74adcde2a,2025-03-07,278466246.74,283,Over 90,NGN
5e1c4fdf-beab-4237-9391-609e6d71f210,967071f8-f4a2-4d6a-a622-39af1ede0cf3,e7eccb72-6441-4b8d-be2e-e568822fab60,2024-11-25,282172390.5,385,Over 90,NGN
648df7f7-59c0-4b0f-a8a2-0f152350552e,568795ee-1711-4afa-a8e1-8a178c4cefe3,f063efc2-820e-4512-a1b3-920d2d8d0ed9,2024-09-12,50171478.75,459,Over 90,NGN
71af0181-56a7-4a4a-94a0-7f80faf20ead,85b8ecc1-b5c0-4d85-a376-0c9d547dd89e,03d4b21c-ec1c-4373-84d2-625a6a3c7a80,2024-02-13,177028453.55,671,Over 90,NGN
4c1b8e56-3f4d-44a6-bee1-c2658e240d66,7b9c0776-0a34-4aa8-9870-1d5508be9b97,4ed3f3c1-a9b7-49f0-8b38-f47648d0e53f,2024-04-27,549140266.14,597,Over 90,NGN
c36d89ea-43d8-40f3-b2ed-a74e0e134c7f,79221a74-71f9-4f75-8a39-a33b22e2b08b,1108c7d4-9dc9-4d56-b083-10c09b9225b9,2024-08-13,507955006.21,489,Over 90,NGN
d2a6e62f-fd92-4ba9-82c9-f2bea04a35d5,3faf4919-7f9b-40ab-8839-f9b26a29e141,0bdac6ae-f307-4fca-8643-4c89dd4e6303,2025-01-12,146703157.79,337,Over 90,NGN
5d29fadb-9ee7-4797-9084-f37a29b51cb5,c07f776c-c8bb-4d8f-9777-66a3073b82ab,5cc0b0ed-6b6d-4ccb-b7ee-cf106f810020,2024-12-30,152526300.17,350,Over 90,NGN
506ba8f6-a50b-46d6-996a-9d1233081520,f9218eac-f33f-4251-b142-cb8677c387f6,979aeb25-d3e2-45d5-b523-ed659d7601f6,2024-10-03,650882980.81,438,Over 90,NGN
1b97f8f2-3d7b-4cb9-963b-52e586546bf1,c2f2853b-9bc9-413d-ab2d-1affd18949f1,b4c8f4fe-65b1-4b19-b3f5-402b3b291f40,2024-07-06,545910915.07,527,Over 90,NGN
9ea8c64f-e6c6-4774-91eb-9dcab7ee099c,06c02d67-61c5-4ef4-8d96-a8945e75fcf7,1d45caf1-8721-4598-a0cc-a3754fbc0b96,2024-03-12,240491277.75,643,Over 90,NGN
3e3c265f-ea55-4fb1-bdf3-e7d9f443c21c,6aca895a-f389-4ca8-80d5-08346a9cbb81,67397338-1c4c-4ef4-a5b6-06260be42ca3,2025-10-02,333215572.32,74,61-90,NGN
eb2703c5-87f0-4072-8d9d-5f70756057ec,d94393be-3d89-4c6e-a70f-d1921a44c969,65e7643b-3fce-42f3-8d02-e4a11f08dda8,2025-07-11,470890960.87,157,Over 90,NGN
26eb3050-bdde-4f6f-b33f-60211b2c6460,9d975cf8-2301-462d-ad70-ed502bc702bf,17329ca3-76fc-4a0d-b252-8df2d80fea2b,2024-12-01,256770900.04,379,Over 90,NGN
c1fdb79e-9a0e-4ee2-93a3-6432d7b06743,3adfc3cf-1df6-4f7d-b24f-96912f20f382,f38f9485-f109-4472-a7ad-5667df4dac17,2025-04-28,231435570.91,231,Over 90,NGN
97387f34-4c2d-47d7-9a47-b51fbaa0f123,f5d3f427-b580-4a00-9a3a-c34b34f8d81e,d8556314-7372-4af8-b03e-7e70507fd12b,2025-05-04,274405397.32,225,Over 90,NGN
4d504dd0-2573-4d96-83c1-f0cc9865f5d3,bc634b2a-ee8f-4bf1-919b-536b7d5943d8,3f987fc4-0166-4c12-90bf-8a1a2d55da98,2025-10-25,357477954.86,51,31-60,NGN
b3dddf3e-d862-4bb6-acdc-e436a69465de,7f865a94-05a7-4823-9d75-8b77ee009f13,a7610cfe-a349-4e85-801e-8e1fd85cc06e,2024-05-29,291997426.09,565,Over 90,NGN
2d335eb9-0467-46ff-b5ef-f6f9ac27a790,b93d1cae-3fab-45ce-8a93-673e37b86bca,47f6d027-4cea-4396-952a-72a4e4277007,2025-10-14,117457723.75,62,61-90,NGN
5911b508-061b-4674-91c8-0ef675ade41f,598aa400-d607-4909-bac4-99e2f676a85b,2d180ac9-7d5e-4483-bab9-0c8571bf1357,2025-09-28,183894887.72,78,61-90,NGN
790864e5-d2ad-4d38-96ba-38f5e1fa17fb,223ee1b7-d120-47c8-b68e-28c6f4025f49,911b8562-98e4-4368-b00c-d22273eaf319,2024-08-05,830799186.44,497,Over 90,NGN
9481c58f-e3ae-4b07-b223-e6e81260720a,313a166a-b267-4cd7-9ae5-6ad90df19d19,65e7643b-3fce-42f3-8d02-e4a11f08dda8,2024-06-03,246367584.06,560,Over 90,NGN
ecc92a02-4f9c-4490-95af-0e9217181103,8b342b71-1a3c-4f42-95ec-749647b8881b,fca0132c-3756-437c-a43f-d55d25b5c44b,2025-02-07,336932105.33,311,Over 90,NGN
9690029a-77bc-42bc-9a67-4ae6551966de,91faf168-2b0d-4e43-a418-1a9d90b309e9,979aeb25-d3e2-45d5-b523-ed659d7601f6,2025-04-28,400965859.64,231,Over 90,NGN
c05310cd-de80-4159-95d1-f27c40ac5865,2c5f8a78-3cb2-41f9-9a29-717b32aee1b9,27382223-42e4-4976-b9af-96558339445e,2024-10-29,94467700.85,412,Over 90,NGN
e70fc695-026a-4c86-b7ff-ea1ea865adb2,831d8728-c52c-4ce3-832f-d1b0becbcfa9,47f6d027-4cea-4396-952a-72a4e4277007,2024-05-15,173491851.27,579,Over 90,NGN
c999dc79-d42a-45e5-a998-b65ffaf1e597,b6a72ab1-e67b-4cec-9c5f-6fd92a1353c9,1dca5d52-cfcf-47bf-82cc-34566b49f847,2024-01-11,48997932.96,704,Over 90,NGN
5a8ad084-d53f-4603-a7b9-b8716a226e50,78f64e98-d072-4e8b-acbc-e5c73fa9bc46,165b7a73-1b21-4823-86e9-6aaa4972c907,2025-05-13,504419875.89,216,Over 90,NGN
a5b9fadf-edbe-4664-916d-75b3fca67eab,ea8fa988-cbcc-4958-af81-68686a903225,316ed8e3-8b2d-44b9-a291-d4469d977631,2024-11-20,98230768.25,390,Over 90,NGN
8018cadb-d135-4703-a7be-272bde53f17f,c1a9a65d-fdcc-4951-9f29-1a965c74bd32,5d28d991-af20-4a95-ac85-1382f138012f,2025-11-22,483090795.05,23,Current,NGN
c5e4913e-cd33-49dd-a67c-7155ad3af75d,17d56b62-f46f-414c-b6fa-0aa132a9a968,a88d909b-f598-482b-8203-950b5b7e8e18,2024-07-05,390202527.87,528,Over 90,NGN
cd8b4b8e-1e6f-4471-8d4b-2f148a4d332b,a276ba6c-b954-4944-bb2a-f397f4c8b718,5d28d991-af20-4a95-ac85-1382f138012f,2024-06-07,19956145.73,556,Over 90,NGN
d0534b0d-62ca-4565-9944-ca7b68a09c42,90661758-4bca-4691-9520-fc7ddbb7b65a,704ab9f1-c1ee-426c-ab5f-b2ca1adadff7,2024-10-19,135643546.53,422,Over 90,NGN
d4decbe3-c294-4b32-b9d8-c6118f45b2ef,50407458-b52a-4b29-b9f5-1f9076394fea,9b2a2950-b51a-4f5c-a103-96eed14a2139,2024-10-27,421158167.54,414,Over 90,NGN
fc3b39b9-62f9-4616-96e9-6b38adbaa819,edf8fe2a-0f87-442d-b769-340632148316,165b7a73-1b21-4823-86e9-6aaa4972c907,2024-12-17,313274638.03,363,Over 90,NGN
e2c553cb-51d5-49ca-9fdd-aa7f8fd31a54,ce86c30f-9b57-4dae-aabf-fa5d2d104cb5,84afa85d-ece8-4906-bfe7-1450aa7f2f9b,2024-06-04,477059657.48,559,Over 90,NGN
edfa242f-a099-46bd-b0dc-d4ef510833a9,0fe4c4b9-867e-4de3-95bc-929661a08d60,a9f3205a-7316-42bb-8d88-c3f8bccb5be7,2024-06-05,613461886.95,558,Over 90,NGN
9d7e3203-4980-4c0a-94e4-6c6a2d8e2e6e,14129828-843a-48ce-86c2-fc0b95f15a9e,14152142-ccf0-465b-a7eb-71ebb96d3d53,2025-02-27,555882276.25,291,Over 90,NGN
319d77bf-2ec9-4cde-b02b-d0695458bd2f,2992296f-687c-491c-9725-f0b229f6efe9,cb7d989b-b666-420f-87c9-c04cb60c91ab,2025-11-22,217179493.62,23,Current,NGN
22eed677-a9bb-48f5-895d-5ff984ce9119,54e37cbf-5ac9-4bc5-bbc4-1f5da3b55c1c,ae41cd2f-2b37-4235-98fe-3fa814d6bae8,2024-02-26,367479432.9,658,Over 90,NGN
c8f60085-d79e-401d-b819-edc02b20f5c2,5f059d02-6a4a-40a9-a60f-6a00848fbcd4,0f114530-b671-47f9-a494-539a9a599ac1,2024-09-16,2937724.31,455,Over 90,NGN
624541ab-db14-4ccc-8ea6-ee93ab77122b,65da5952-6718-42c9-a483-f30350b5602f,2363cb36-49c4-4c99-94cb-42ccab0580b8,2025-03-10,366643469.33,280,Over 90,NGN
0ca29a89-6ab3-4a61-a018-1769e1815f1b,71f52fc4-0414-4d04-bca9-dae7ffb1f123,d784f417-38db-4e63-8c01-ae03b680d6f1,2025-03-04,278521921.93,286,Over 90,NGN
bbb60278-1b6a-40b5-9da2-b7bf92fd8e29,1caa9f11-18c3-43dc-b827-22b440066a83,84afa85d-ece8-4906-bfe7-1450aa7f2f9b,2025-06-05,37547800.46,193,Over 90,NGN
a590792e-6cf6-4386-ac9d-f123230d9d01,d5cf13a6-43d6-4c2a-88cd-228197dfbc82,e4a2772a-5366-4708-8309-02a2a6933717,2024-02-22,125606209.93,662,Over 90,NGN
60d1c8f4-c79b-40ac-b483-9a42f1f02ec4,2a674aa2-eff4-4b98-87ee-6ae5747be4c8,be99ce47-790c-4162-923a-f62b52e4a702,2024-03-27,267087403.03,628,Over 90,NGN
b22cbabd-b509-441b-8b33-c74b952fcb11,817ffa80-07e8-44b8-9487-811ae8a99871,a85e7fb3-388e-41b9-95f0-cc0add7d711b,2025-12-12,1109031088.19,3,Current,NGN
5c37e09d-400a-447f-b58b-99ee8c130fab,781c3b3d-62a0-41b3-8230-929d29157c06,057adf65-781b-41aa-8633-79e1473cf283,2025-05-09,100973355.3,220,Over 90,NGN
ffc25112-f1b0-44c9-a5b0-c16a1c237916,038d4fa5-fd81-4e0d-9a99-fefd1b1c2ad9,b7050f13-05d4-4b06-8ad3-f326aee06b85,2025-12-31,368364079.24,-16,Current,NGN
880ddf76-3ea3-415d-a5c7-11ee26069dc6,9c47bc12-e8a8-4d04-bafa-bf8a8f007ea0,af1ef7f2-e507-480f-a626-a1efed2d8660,2025-07-12,100023333.23,156,Over 90,NGN
ded5f2a3-0d87-403f-b07d-032ff47093b9,fa5e0e62-499d-4681-a0af-3a88059f994c,21c11843-4f02-45c5-bf7e-e6a25f0f6a7f,2025-03-19,90358159.5,271,Over 90,NGN
13372050-cd65-4fd4-81fc-52c79507b68a,9cec2974-0bd0-4248-9629-206af9a8cd51,2363cb36-49c4-4c99-94cb-42ccab0580b8,2025-07-03,259072686.97,165,Over 90,NGN
bee4e131-064f-46cb-8994-7108c85a136c,6e28af61-694a-4c0b-9e41-881beeaff484,f38f9485-f109-4472-a7ad-5667df4dac17,2024-07-28,785101506.16,505,Over 90,NGN
3dd2c61d-5cab-4247-a74f-afd4551506be,acfc722c-000f-4215-a04f-776f49049159,19b8847e-31ea-44df-aae5-010b6f7846c7,2025-01-22,142408183.94,327,Over 90,NGN
6a877ad4-db2d-4647-9f15-b6f755954347,8ae5e03d-ef2a-41a7-9f8b-427e907aba7e,9e6faa89-dd7d-4795-bcfc-0afa70eb42e9,2024-11-21,201335022.62,389,Over 90,NGN
9d939dbb-5b43-458f-9892-30d775efef38,02d40398-3555-4497-9096-bdd43fd65af1,14152142-ccf0-465b-a7eb-71ebb96d3d53,2025-04-22,354428358.7,237,Over 90,NGN
44aab868-5356-4037-9cfe-09a086f3a79a,a1101d5a-6cd0-413e-8a02-b91f9671e3ce,0200754a-8d20-4df9-8e6c-859558b87d00,2024-03-29,26735306.87,626,Over 90,NGN
e618914e-006d-473f-bea7-ccce882b5aa0,626a4c6a-0269-4d8b-a115-57ba085f46ce,b9b8b60f-dead-41ac-b704-7d4c3baf4ead,2025-09-01,52036781.49,105,Over 90,NGN
32a3aaff-d8a5-40e6-853e-668830dcf6f9,323d4568-3c2f-4f3e-bb4c-561fc1b84a06,7c348baf-708d-4af1-8b6f-1d0880709138,2025-07-27,58698757.2,141,Over 90,NGN
89edb727-0402-441d-9978-4a8268ee30c0,ea05731e-ebe0-4c4a-b1fd-89cc01eb34e3,e56dea4a-1b41-42ea-b2ee-9611e28e4dee,2024-01-26,269371414.36,689,Over 90,NGN
c60f2495-0034-489e-82f9-738efec39e93,bc96a746-1d57-4ee3-95e9-9fd587b54bb7,1108c7d4-9dc9-4d56-b083-10c09b9225b9,2024-03-05,295721646.67,650,Over 90,NGN
9c54db3c-6862-42e5-b9e6-ec68001705d3,df68d846-357f-490e-bcaf-a24b51e68191,5f30f40f-34d2-40f2-8e3d-a85399d60056,2024-12-18,406780870.42,362,Over 90,NGN
7abcade2-1660-4f05-a40e-c9458a60798c,a3067379-7d8d-423e-bced-6ebda80732e4,af1ef7f2-e507-480f-a626-a1efed2d8660,2024-10-27,553321800.26,414,Over 90,NGN
4b097699-b0e8-4253-ad2b-1b1972008658,f1b96bcf-9391-40b3-bd1e-ce442ca97a4a,52f9904b-a6b6-4f34-91e2-19437e360c35,2025-10-16,600866979.04,60,31-60,NGN
e4f5582e-0b87-4a05-8a6d-e7491f4cca25,c35f38f5-a532-4ca2-b4b8-9d09cfd40187,904534af-3e8a-4fd9-a58b-b67855656402,2024-10-09,589473395.92,432,Over 90,NGN
f748d384-0177-4e04-8972-990045bc3e84,7424b808-2141-496d-9414-4573e85de7b5,17329ca3-76fc-4a0d-b252-8df2d80fea2b,2024-03-06,231521587.58,649,Over 90,NGN
a6cef6eb-80d2-444a-a43f-68dae5005220,1b58c638-0f5b-457f-80f8-a9392ff2a5da,316ed8e3-8b2d-44b9-a291-d4469d977631,2024-03-23,522564724.77,632,Over 90,NGN
a350abf7-ab5a-49d8-84c1-c3bfb754a7e6,3a63968a-d0ad-4adf-8fa3-b97647140585,d0bb2ec4-4704-451e-9033-8316299d3096,2024-04-19,605098561.51,605,Over 90,NGN
83d00d06-c734-42a7-94a6-7613e829d600,bc1629eb-a3b3-437c-8d51-274f1be87e16,b537702a-513d-4323-8ba6-1c8387f004b5,2025-01-19,487517727.57,330,Over 90,NGN
10a11bf3-afac-453e-9291-a4b4819adce6,42ab1bd0-85c3-4fb7-8354-61bb5b14ea46,cb787fa9-3460-49a6-b501-852fcc0dc29b,2025-01-09,473037585.56,340,Over 90,NGN
1ca04f2d-f616-4575-b380-bc99901acb6e,3f0744e8-8718-4ecf-a3e4-107b4b8c8afc,52f9904b-a6b6-4f34-91e2-19437e360c35,2024-12-17,889703976.18,363,Over 90,NGN
a670907e-3e8b-4580-af4e-eb34d6da4568,4e2dce46-b94d-43ef-8249-9d80f92e36ea,0fe30b33-bbde-4754-974e-9139d830eda4,2024-09-05,204561315.01,466,Over 90,NGN
9cea61e8-69f3-4f75-90e4-72b6cf1788f1,a178cc27-b9a6-461e-af1b-99ad663634d1,679e2c23-49be-4cca-9bc2-6f4dfcdd2b36,2024-10-02,581857137.46,439,Over 90,NGN
f5fa3c45-fc7c-4513-9620-e960dc3c2ec2,4c844e18-dd2e-466f-8d8e-4e06db60e51a,5d0b76f2-d1b5-4afb-95cc-15f3f48d4095,2025-12-31,222205124.98,-16,Current,NGN
e92caad5-1952-4408-9475-c480cac16825,bd5ec24e-e91b-47aa-9cbe-ce167a2747bc,7efe8919-1322-4d4e-bf5e-6df9af3910db,2025-01-05,16630665.77,344,Over 90,NGN
96671acf-6119-4700-9a8f-1b5d61e4491b,b58ca13d-e853-474e-8a35-a3b7d2960574,7c259094-a60a-499e-add2-82f9de402308,2025-08-27,38473388.0,110,Over 90,NGN
bc478d8a-9433-4069-90db-3a4472e5d9ff,e5e21bfb-c28b-452c-aa96-4cd966918d7c,86d0c148-e5cb-4fbf-a3fd-1d45c14d911b,2024-07-23,62478977.05,510,Over 90,NGN
d3efb3de-d900-4af0-a9a9-a103a5a0c5fd,ba003a24-9f6a-443f-9637-2cbaa448fb27,1d45caf1-8721-4598-a0cc-a3754fbc0b96,2024-01-15,228956547.01,700,Over 90,NGN
9fc72b1b-7a15-4247-8234-22535d457b55,1fd99fa4-5d12-4683-aca3-2355cda68181,a86c9c87-ae3f-48f0-944a-789d88e1071b,2024-02-05,443668146.62,679,Over 90,NGN
fb0c13b4-afc1-4d34-9a02-3fb78404e26a,f9059e3e-15e0-48f0-936d-87e95cc7c104,49aa1370-bfe9-4842-8cfd-bf0f8968f907,2024-01-10,48631114.53,705,Over 90,NGN
c77dabd8-23a9-49d3-b7f2-8173c8889fc6,8399eb8b-c8c0-407c-adbd-c3f0d0fcf107,50625d74-d34f-419b-b6cd-aeb02279621b,2024-11-27,276168802.73,383,Over 90,NGN
8a02e8b6-a4ce-41c8-b1ce-56a653f0c3d0,64135cf3-a860-4f3d-8947-a04ace62dd5b,a8d95b7d-c9cc-477b-a938-14e1d96bb47b,2025-09-29,628646539.62,77,61-90,NGN
dcbc8017-6775-43a5-8271-84b9963ec6eb,dfad30d6-1ad0-4ec6-8a9d-ebeb48817a1a,2363cb36-49c4-4c99-94cb-42ccab0580b8,2025-10-02,63274813.22,74,61-90,NGN
0a7bbadb-624b-448b-9d44-14017c000a07,5df60be5-a296-4b5f-a2ed-48e26a1de8ab,679e2c23-49be-4cca-9bc2-6f4dfcdd2b36,2024-10-07,206090371.77,434,Over 90,NGN
5997e562-2399-4dda-9fd9-df85289555a5,20c25952-dca8-4cdc-8114-0fdbabf8cc8f,911b8562-98e4-4368-b00c-d22273eaf319,2025-12-02,133547395.99,13,Current,NGN
dea7a51d-430e-413a-93f8-0cc8c05815ea,3f811c56-3814-4c5d-af9d-6af1d7e6c2c3,5f30f40f-34d2-40f2-8e3d-a85399d60056,2025-10-09,314411101.41,67,61-90,NGN
368420b0-fd5f-45c9-8856-ec8da92bf926,6c7e4e05-6ab7-477f-ac24-d0a60e40d9c3,21c11843-4f02-45c5-bf7e-e6a25f0f6a7f,2024-10-26,66997230.78,415,Over 90,NGN
a6cbc34e-f73f-49fa-9ace-fc41deef9e41,77c6dc13-a414-48b4-b3ac-832927817bd1,de383ccf-3739-4e31-82cb-57dd040a46d6,2025-08-23,390034394.7,114,Over 90,NGN
f1795937-91a3-4285-b368-c54129c966cb,31080a4c-5783-4dca-ba76-29c5e5dd6c34,1dca5d52-cfcf-47bf-82cc-34566b49f847,2025-05-08,104338556.52,221,Over 90,NGN
7b4dacdf-9690-4e79-8f7a-f97e101d1356,cf29fc18-1c5c-4bb8-b804-deb70986a423,fc655984-173d-4afe-a37a-042896396037,2025-05-22,1064669596.03,207,Over 90,NGN
e227d29b-188d-4202-8992-097db0bd29ad,baf37099-4e38-4b76-9474-2d1593ae699a,e93b5b44-3e5b-4c8e-9bc0-a92d905eab15,2025-11-03,607726704.11,42,31-60,NGN
18b5439b-4b3a-4552-a304-5b85d16a0e00,732eee8a-18de-4a10-a8df-a042f5ade9a1,904534af-3e8a-4fd9-a58b-b67855656402,2024-04-06,237448424.26,618,Over 90,NGN
67f06c73-04db-4dcc-b007-82ddc01f9dac,008819e5-734e-40ee-ae51-cd0b8b1e04a8,50625d74-d34f-419b-b6cd-aeb02279621b,2024-05-20,397360541.31,574,Over 90,NGN
055dfe7f-f96b-43f9-8d2b-7d66facb9b46,63bfbab8-834e-403d-8141-9390297b3062,2363cb36-49c4-4c99-94cb-42ccab0580b8,2025-11-13,258844035.51,32,31-60,NGN
d76f04c6-681d-437f-ad32-d869fce0d3b5,de6ec748-6b3c-4eeb-86f4-8247abb51171,be99ce47-790c-4162-923a-f62b52e4a702,2024-09-13,82679198.34,458,Over 90,NGN
d591061a-b282-4001-ab38-2a73b89fb38e,b8727cf6-49e4-47ba-9719-c265b601ed08,29af25a3-99de-48ab-943f-9c10fba55acc,2025-04-03,172652108.93,256,Over 90,NGN
268de270-a8c5-4b6a-86ec-782aa63fcbb7,4ccf30d6-f0b5-467c-b46a-5f33c55bd8a4,be58545f-51fd-49ae-bac3-dc48b6f46160,2025-07-01,105290543.02,167,Over 90,NGN
11c6601c-c4b3-44b9-805e-9474adb8e7fa,ef7c1ce4-f4cf-48b8-9c85-704586d7e312,316ed8e3-8b2d-44b9-a291-d4469d977631,2024-07-05,373852600.83,528,Over 90,NGN
56f5862b-0d6e-4aef-a38d-daa627f1010e,4424985f-945f-4d75-a7e6-950248e39480,e17a835a-e0d4-498c-a02e-7fcfa73eb0b6,2024-11-18,338039263.79,392,Over 90,NGN
28a86ebe-1c6e-4f83-84bd-7dbd574de03e,0a9fb7a0-3d74-4080-950b-12b42d7a7f44,3c4c86f4-729e-45b0-a6aa-0a3c23adfbc5,2025-04-21,250534971.02,238,Over 90,NGN
ca93d6fa-ef54-4614-8c1e-5102341dc872,150c8d8a-f0db-4184-a56f-675d7af1bd08,40836869-4aa5-4e36-b477-6638c58b3f69,2024-08-17,433810761.59,485,Over 90,NGN
099b51c8-ebbd-4049-a537-bbb85349fbef,18c92330-9ee2-4b52-a137-60a621be09fd,d784f417-38db-4e63-8c01-ae03b680d6f1,2026-01-02,646878893.56,-18,Current,NGN
