id,employee_id,leave_type,start_date,end_date,days_requested,status,approved_by,created_at
8db93261-41d1-42fe-a59c-23d5a78cb5e0,c2cea9ec-7da0-48f3-95d2-4041a87e3fe7,Compassionate Leave,2024-01-06,2024-01-09,3,Approved,b8de5a6c-44c0-49f6-bdbd-365c949577ba,2026-02-23 10:54:52.205281
69b0dcf1-c0cd-4f7a-aefe-525416873138,c2cea9ec-7da0-48f3-95d2-4041a87e3fe7,Compassionate Leave,2024-04-05,2024-04-11,6,Rejected,fa5748e6-3969-42d9-a734-d67d41d569eb,2026-02-23 10:54:52.205314
c5d01412-6ca5-4b39-86ab-425f4bde8eaa,c2cea9ec-7da0-48f3-95d2-4041a87e3fe7,Study Leave,2025-08-19,2025-09-01,13,Approved,79d02cd6-dbee-4ae7-bceb-ab82ff6d23c7,2026-02-23 10:54:52.205328
2d11924f-0d5e-48c9-b33a-61df5394766e,f425c095-0e0b-427a-9a01-773901b2fe8b,Maternity Leave,2024-11-10,2024-11-20,10,Approved,55a9c4c7-f5fe-42bd-82b7-7ca9b036f8bf,2026-02-23 10:54:52.205341
25756b99-c20d-458d-a340-b9ea22f2cf19,f425c095-0e0b-427a-9a01-773901b2fe8b,Sick Leave,2024-03-02,2024-03-11,9,Approved,ea584e6f-2059-4546-b2e5-39bf5b6d91f0,2026-02-23 10:54:52.205357
c0fe6c02-a414-400b-b0d4-6eb1f23b3019,f425c095-0e0b-427a-9a01-773901b2fe8b,Annual Leave,2024-12-23,2025-01-07,15,Approved,311c93e6-cbbe-44cc-ab78-18ec527f6743,2026-02-23 10:54:52.205371
c6aa9b6e-e4da-4814-954b-43887ec59155,e924e942-2636-4d55-a146-0504952bfdae,Maternity Leave,2025-05-24,2025-05-27,3,Approved,96049166-34cc-443f-9619-31e6cad7bfe1,2026-02-23 10:54:52.205387
48aafb74-2df4-4fe5-90ea-c6298d5e62d7,e924e942-2636-4d55-a146-0504952bfdae,Study Leave,2024-08-31,2024-09-05,5,Pending,b3c42a73-814d-4e7c-aa65-82a3abcb77a0,2026-02-23 10:54:52.205397
456478fa-7d38-4c6e-b559-97ef3ff87d42,e924e942-2636-4d55-a146-0504952bfdae,Sick Leave,2024-07-30,2024-08-11,12,Rejected,b8de5a6c-44c0-49f6-bdbd-365c949577ba,2026-02-23 10:54:52.205408
64b2d73a-753b-41f3-b707-974f5da2a66a,e924e942-2636-4d55-a146-0504952bfdae,Maternity Leave,2024-10-15,2024-10-29,14,Approved,ad9a51d1-16f4-47bc-a4ce-ce1bc670a73d,2026-02-23 10:54:52.205418
0e552e03-8fde-439e-a2c2-6057267cd75a,e924e942-2636-4d55-a146-0504952bfdae,Maternity Leave,2025-08-18,2025-08-19,1,Rejected,dd83058f-f003-4af8-b701-be17f58458f4,2026-02-23 10:54:52.205428
523c8bae-c9dd-40e4-91e2-003e6f7f0e95,e924e942-2636-4d55-a146-0504952bfdae,Maternity Leave,2025-08-12,2025-08-15,3,Approved,e025cf83-1169-4cf0-a84c-f838f6987536,2026-02-23 10:54:52.205437
e959db20-daa7-4f6f-816b-088271cbd015,41305b34-2ce5-4524-83d2-945750f27a0e,Maternity Leave,2025-03-22,2025-04-02,11,Approved,cfc09f15-3619-4d62-b827-b15e76da2559,2026-02-23 10:54:52.205448
5c9ae156-b502-45dd-9333-7d46e70313d8,41305b34-2ce5-4524-83d2-945750f27a0e,Maternity Leave,2025-12-08,2025-12-13,5,Approved,b8de5a6c-44c0-49f6-bdbd-365c949577ba,2026-02-23 10:54:52.205457
a76376a7-7746-470e-93ff-7bd27ea53bac,41305b34-2ce5-4524-83d2-945750f27a0e,Annual Leave,2024-12-21,2024-12-31,10,Approved,09b4b3c7-5f7d-4c5c-9e3d-a7cb26571da5,2026-02-23 10:54:52.205468
21f78093-a085-4323-aab4-55768eb506a7,49eac2f0-7e4e-450f-9b47-46f89fa57a5d,Paternity Leave,2025-07-01,2025-07-10,9,Approved,15407f62-ff85-47c6-83a5-b4962d775fac,2026-02-23 10:54:52.205479
8f0272e8-6bd7-4e71-a86d-b256f043ebcf,49eac2f0-7e4e-450f-9b47-46f89fa57a5d,Paternity Leave,2025-01-18,2025-01-19,1,Approved,b8ec9f4f-63bf-4feb-b095-a025fd0e0dde,2026-02-23 10:54:52.205491
e66ddcc6-1fc7-4b68-b8fe-8f3ea6f0c0f0,db5795c4-a3ee-482e-986b-bb27fe1a6f84,Sick Leave,2025-01-24,2025-02-04,11,Rejected,b8de5a6c-44c0-49f6-bdbd-365c949577ba,2026-02-23 10:54:52.205501
04cc7efe-6c1a-4e95-9920-19363aa5c302,db5795c4-a3ee-482e-986b-bb27fe1a6f84,Paternity Leave,2024-06-03,2024-06-15,12,Approved,48b4f51b-78a9-483a-bd66-8342f857c878,2026-02-23 10:54:52.205512
0d2c566f-c561-40a6-b8b5-94df93e275f2,db5795c4-a3ee-482e-986b-bb27fe1a6f84,Study Leave,2025-04-19,2025-05-02,13,Approved,0301d27b-3b23-40d2-816d-59fda9b9bed3,2026-02-23 10:54:52.205521
92fa1c87-3c13-4d77-a52a-b2dddc6c0838,941bca12-f90a-4004-a85c-792003442bc3,Paternity Leave,2024-05-21,2024-05-23,2,Rejected,761b9383-a22e-429c-b7fa-cba143af59ba,2026-02-23 10:54:52.205531
e55cfbdb-159b-4318-9af8-ae97090db7b8,941bca12-f90a-4004-a85c-792003442bc3,Sick Leave,2025-01-24,2025-02-04,11,Approved,48b4f51b-78a9-483a-bd66-8342f857c878,2026-02-23 10:54:52.205541
a52f9d9f-687f-4288-9775-d176f50fb611,941bca12-f90a-4004-a85c-792003442bc3,Study Leave,2024-08-27,2024-09-07,11,Approved,15407f62-ff85-47c6-83a5-b4962d775fac,2026-02-23 10:54:52.205550
239c07bd-974e-4ad0-946c-63adf501258a,941bca12-f90a-4004-a85c-792003442bc3,Paternity Leave,2024-04-29,2024-05-02,3,Approved,09b4b3c7-5f7d-4c5c-9e3d-a7cb26571da5,2026-02-23 10:54:52.205559
6850df16-c9eb-4b89-af0f-22777779a187,941bca12-f90a-4004-a85c-792003442bc3,Annual Leave,2024-07-05,2024-07-08,3,Pending,b2c508fa-949c-42d7-b762-55fb6b6c4034,2026-02-23 10:54:52.205569
0e77e37c-331c-4d99-af1e-486121611917,15407f62-ff85-47c6-83a5-b4962d775fac,Study Leave,2025-04-12,2025-04-24,12,Approved,14afa235-901f-4e4d-95bf-a99a463cc548,2026-02-23 10:54:52.205579
b53c723c-babc-4fb2-acad-2bebd6c4ef7a,15407f62-ff85-47c6-83a5-b4962d775fac,Maternity Leave,2024-05-23,2024-05-24,1,Pending,a0907a8d-bbd3-4029-8b63-18b3ff63432c,2026-02-23 10:54:52.205588
c3ac3a99-e5a1-4c27-bab4-47364ba24a85,15407f62-ff85-47c6-83a5-b4962d775fac,Paternity Leave,2024-10-31,2024-11-11,11,Approved,38204481-3349-45c6-9db0-0acb86b8299e,2026-02-23 10:54:52.205598
197bcc29-23c6-46f9-85a9-fd92cbd7f35d,15407f62-ff85-47c6-83a5-b4962d775fac,Study Leave,2024-07-01,2024-07-05,4,Approved,19dab2b4-bf6e-43e2-bcdb-376c8d8fd83a,2026-02-23 10:54:52.205607
fdb40516-a653-4ee4-b02d-c14ac6d3c8bc,d8ac4794-b742-4182-8d98-3930c190e26c,Study Leave,2024-03-14,2024-03-15,1,Pending,13f74086-e15f-479b-aa48-73d5d60e788b,2026-02-23 10:54:52.205617
1c2e82d0-fd89-4b06-8e28-020507131fb9,d8ac4794-b742-4182-8d98-3930c190e26c,Study Leave,2025-07-16,2025-07-17,1,Approved,ce63a441-1783-4db1-932a-493de6131114,2026-02-23 10:54:52.205627
062db4b9-7fca-4e67-891e-397ace8777a3,d8ac4794-b742-4182-8d98-3930c190e26c,Maternity Leave,2024-07-12,2024-07-18,6,Approved,13f74086-e15f-479b-aa48-73d5d60e788b,2026-02-23 10:54:52.205636
9d18230f-8b7f-4a27-93ce-7023b9503bb6,ae5314a1-5f6f-45dc-b898-9a56a685da93,Sick Leave,2024-04-08,2024-04-10,2,Pending,79d02cd6-dbee-4ae7-bceb-ab82ff6d23c7,2026-02-23 10:54:52.205646
e7438445-1151-47fe-9a7d-297364943f8e,ae5314a1-5f6f-45dc-b898-9a56a685da93,Paternity Leave,2024-03-08,2024-03-21,13,Pending,41305b34-2ce5-4524-83d2-945750f27a0e,2026-02-23 10:54:52.205655
3155d1a2-188f-4bfc-87d8-e86f2df9a6a1,b0c1b232-c596-4d15-a02e-8a88bdc299e1,Sick Leave,2025-04-19,2025-04-27,8,Rejected,ff57854e-5869-4d57-a3cc-507538ef6f24,2026-02-23 10:54:52.205666
6e6b5379-45e2-4358-a05f-d1db6547ea6c,b0c1b232-c596-4d15-a02e-8a88bdc299e1,Sick Leave,2024-06-26,2024-07-04,8,Approved,f425c095-0e0b-427a-9a01-773901b2fe8b,2026-02-23 10:54:52.205675
efdbc27f-ab03-48c0-a94b-9d86bc67f7f3,48b4f51b-78a9-483a-bd66-8342f857c878,Compassionate Leave,2024-11-10,2024-11-24,14,Approved,941bca12-f90a-4004-a85c-792003442bc3,2026-02-23 10:54:52.205688
51cdbe96-70cf-4361-a416-9b7e8a478894,48b4f51b-78a9-483a-bd66-8342f857c878,Compassionate Leave,2025-06-29,2025-07-09,10,Pending,d8ac4794-b742-4182-8d98-3930c190e26c,2026-02-23 10:54:52.205697
dd5ccb0b-6e80-4a85-9f63-236a823d4a8f,48b4f51b-78a9-483a-bd66-8342f857c878,Maternity Leave,2024-12-15,2024-12-25,10,Approved,6c9f29c5-5d5b-4a5d-afd0-14ab8be91abf,2026-02-23 10:54:52.205706
daf79359-e7b0-4ba3-b7a5-ca379a397be5,48b4f51b-78a9-483a-bd66-8342f857c878,Paternity Leave,2024-03-19,2024-03-30,11,Pending,edbb45c5-189f-4783-80a1-1d21a949775a,2026-02-23 10:54:52.205716
94d35d0d-f925-4a23-99c2-9cd8ec167dbb,48b4f51b-78a9-483a-bd66-8342f857c878,Compassionate Leave,2025-11-24,2025-12-08,14,Approved,be8b92fe-3b10-49ea-9287-1f95a46814ea,2026-02-23 10:54:52.205725
26ff7b8a-52b4-4fd0-9481-c5df7723bcb7,edbb45c5-189f-4783-80a1-1d21a949775a,Sick Leave,2024-11-07,2024-11-20,13,Approved,fe54ebbb-2c0c-4009-a811-ee089e7dec77,2026-02-23 10:54:52.205734
1a19486a-00e0-4fad-95dc-c6a1c61a58ce,edbb45c5-189f-4783-80a1-1d21a949775a,Annual Leave,2025-07-24,2025-08-03,10,Approved,b3c42a73-814d-4e7c-aa65-82a3abcb77a0,2026-02-23 10:54:52.205743
9c943278-8fc1-4867-bce0-2d65d1c302e5,edbb45c5-189f-4783-80a1-1d21a949775a,Compassionate Leave,2024-11-23,2024-12-04,11,Approved,57c3747a-e1e6-4966-842c-1b75432a465b,2026-02-23 10:54:52.205753
ef398993-56f2-4154-84f4-b023a32cf16b,ec6961cd-8d1f-40b3-9ca2-8788eedb7a4a,Maternity Leave,2025-04-09,2025-04-24,15,Approved,182d5d7c-f5ea-4353-a6be-af62cc5a9387,2026-02-23 10:54:52.205762
9a17929b-7b09-4e91-a3ca-257b112d40e4,ec6961cd-8d1f-40b3-9ca2-8788eedb7a4a,Sick Leave,2025-07-15,2025-07-24,9,Approved,c0da24ec-7e26-4d2a-8b74-3f7c3ba80dc5,2026-02-23 10:54:52.205771
b3576dd7-2c2d-407a-a81f-ebfc66c3f385,ec6961cd-8d1f-40b3-9ca2-8788eedb7a4a,Annual Leave,2024-11-29,2024-12-09,10,Pending,fe54ebbb-2c0c-4009-a811-ee089e7dec77,2026-02-23 10:54:52.205780
ce8bc55e-2bdd-4b67-805c-66e7702d75c7,ec6961cd-8d1f-40b3-9ca2-8788eedb7a4a,Sick Leave,2024-07-30,2024-08-11,12,Approved,79d02cd6-dbee-4ae7-bceb-ab82ff6d23c7,2026-02-23 10:54:52.205790
f7174f66-22b7-4108-a363-a3da72a45da9,ec6961cd-8d1f-40b3-9ca2-8788eedb7a4a,Study Leave,2024-10-10,2024-10-20,10,Pending,0301d27b-3b23-40d2-816d-59fda9b9bed3,2026-02-23 10:54:52.205799
bea9453f-0425-43a6-af45-6253ffe0e757,ec6961cd-8d1f-40b3-9ca2-8788eedb7a4a,Maternity Leave,2024-12-13,2024-12-15,2,Rejected,57c3747a-e1e6-4966-842c-1b75432a465b,2026-02-23 10:54:52.205808
a4cc809c-1f99-4e99-8b8a-a5a6d745e0c0,ce63a441-1783-4db1-932a-493de6131114,Paternity Leave,2025-04-07,2025-04-10,3,Approved,39298160-e0b1-4374-b99c-417eb5ad876d,2026-02-23 10:54:52.205818
0759046f-4175-47e8-84c9-8e8e9268f3b4,cfc09f15-3619-4d62-b827-b15e76da2559,Annual Leave,2025-10-14,2025-10-22,8,Approved,a3d9075f-97de-4d4f-a4da-b5d40d3173c9,2026-02-23 10:54:52.205828
3fa045f9-b635-494d-8206-272484e914ac,fa5748e6-3969-42d9-a734-d67d41d569eb,Paternity Leave,2025-06-22,2025-07-04,12,Pending,edbb45c5-189f-4783-80a1-1d21a949775a,2026-02-23 10:54:52.205837
4d7c733b-1a0e-4cb4-bfcd-da9d8999200d,fa5748e6-3969-42d9-a734-d67d41d569eb,Sick Leave,2024-02-29,2024-03-14,14,Pending,deb008e5-6615-437a-9371-17b6ede878e1,2026-02-23 10:54:52.205847
2e6eb7bf-6c55-497e-95bb-0f702aefc9df,fa5748e6-3969-42d9-a734-d67d41d569eb,Study Leave,2025-11-26,2025-11-28,2,Pending,66dfa22d-9ac6-4646-b380-b10d730619c6,2026-02-23 10:54:52.205857
a24e3943-2106-4416-a783-22f0a7d11e08,47acf5aa-4994-489f-8401-74b596d8d78d,Study Leave,2025-09-30,2025-10-07,7,Approved,5ce9980c-4e5c-498b-bf4a-d91ca3bc9b05,2026-02-23 10:54:52.205867
a53d5799-8186-41c7-8e53-93551c4c6fef,47acf5aa-4994-489f-8401-74b596d8d78d,Study Leave,2024-08-25,2024-09-07,13,Rejected,ad9a51d1-16f4-47bc-a4ce-ce1bc670a73d,2026-02-23 10:54:52.205879
3d033422-a0b9-4aa1-bb07-c189b8769cbe,47acf5aa-4994-489f-8401-74b596d8d78d,Compassionate Leave,2024-02-21,2024-02-29,8,Approved,b8ec9f4f-63bf-4feb-b095-a025fd0e0dde,2026-02-23 10:54:52.205889
063d4790-b741-4424-a3d1-f7a36991905f,47acf5aa-4994-489f-8401-74b596d8d78d,Paternity Leave,2024-09-21,2024-10-01,10,Approved,3764b56f-3d0a-4565-8979-4fad3b46458a,2026-02-23 10:54:52.205898
042068bb-a58e-401e-aa23-ba858863695b,dd83058f-f003-4af8-b701-be17f58458f4,Compassionate Leave,2024-03-09,2024-03-17,8,Approved,5ce9980c-4e5c-498b-bf4a-d91ca3bc9b05,2026-02-23 10:54:52.205908
bd74d1bf-d084-4104-b3e8-2fcf186d36a1,dd83058f-f003-4af8-b701-be17f58458f4,Maternity Leave,2025-04-06,2025-04-12,6,Approved,9a77a6cf-19e3-4b33-9fbb-d6d9e1705e3d,2026-02-23 10:54:52.205917
4e06e40f-b242-41a7-9759-72213f526321,dd83058f-f003-4af8-b701-be17f58458f4,Annual Leave,2025-06-06,2025-06-18,12,Approved,b8de5a6c-44c0-49f6-bdbd-365c949577ba,2026-02-23 10:54:52.205926
c9bc0e75-7d0e-4fa3-8de4-25bada910e1e,dd83058f-f003-4af8-b701-be17f58458f4,Study Leave,2025-08-16,2025-08-18,2,Rejected,182d5d7c-f5ea-4353-a6be-af62cc5a9387,2026-02-23 10:54:52.205935
16f0663a-16e3-444c-a8be-9062d927e49f,3764b56f-3d0a-4565-8979-4fad3b46458a,Maternity Leave,2025-01-05,2025-01-12,7,Approved,cfc09f15-3619-4d62-b827-b15e76da2559,2026-02-23 10:54:52.205945
3d39fd84-312d-41e0-ae11-386ff70c308d,3764b56f-3d0a-4565-8979-4fad3b46458a,Study Leave,2024-12-02,2024-12-05,3,Pending,288a1981-186a-44c0-963d-fe87d0d3e1c4,2026-02-23 10:54:52.205955
e4ad6fce-39eb-400d-9075-3c2499dd5d3f,57c3747a-e1e6-4966-842c-1b75432a465b,Annual Leave,2024-07-01,2024-07-15,14,Approved,877a5c2c-1c04-4e0e-b21a-cef5eda8d97f,2026-02-23 10:54:52.205965
682eaca8-3c6d-4bb9-864e-084f80695d7c,57c3747a-e1e6-4966-842c-1b75432a465b,Sick Leave,2025-07-23,2025-07-30,7,Approved,8b098815-6d19-4b98-989d-5cd3d0ca32c8,2026-02-23 10:54:52.205974
6076f1aa-92e2-4e11-86db-435b9287745b,57c3747a-e1e6-4966-842c-1b75432a465b,Annual Leave,2025-08-22,2025-09-03,12,Pending,72ad50be-c1ef-49b6-a8bf-795ddc1b8b51,2026-02-23 10:54:52.205983
a2deec0e-ac0b-44ef-8f7f-a383b2906790,57c3747a-e1e6-4966-842c-1b75432a465b,Paternity Leave,2025-12-10,2025-12-18,8,Approved,47d8e6ba-9273-4e97-870d-a5c4b3ae6bbd,2026-02-23 10:54:52.205992
e3b7cc00-85b8-460b-b62b-aa37680b3515,57c3747a-e1e6-4966-842c-1b75432a465b,Sick Leave,2024-06-13,2024-06-18,5,Approved,1f024d78-c38e-4783-a344-04db3d2585df,2026-02-23 10:54:52.206002
00e79548-4dcc-4aa5-9e3c-47f95c476601,09b4b3c7-5f7d-4c5c-9e3d-a7cb26571da5,Paternity Leave,2025-01-27,2025-02-03,7,Approved,7b36f4d5-f017-4523-af22-d6ce2a58ddad,2026-02-23 10:54:52.206024
64273374-c427-440a-ac08-186123f4744c,09b4b3c7-5f7d-4c5c-9e3d-a7cb26571da5,Study Leave,2025-02-12,2025-02-18,6,Pending,96049166-34cc-443f-9619-31e6cad7bfe1,2026-02-23 10:54:52.206034
61704ea7-f0b1-4140-a5b7-45886f33cb89,09b4b3c7-5f7d-4c5c-9e3d-a7cb26571da5,Sick Leave,2025-07-14,2025-07-28,14,Approved,05216a4c-95d5-4db6-9892-7301309dcd5a,2026-02-23 10:54:52.206047
27308e01-a558-46f8-81cd-69723e022651,b2c508fa-949c-42d7-b762-55fb6b6c4034,Sick Leave,2025-05-17,2025-05-25,8,Pending,ea570582-0c67-488e-b7f1-dde2c1acfedb,2026-02-23 10:54:52.206056
96b6e705-33e4-46d3-accf-f06f26e7865a,b2c508fa-949c-42d7-b762-55fb6b6c4034,Study Leave,2024-09-10,2024-09-24,14,Approved,38204481-3349-45c6-9db0-0acb86b8299e,2026-02-23 10:54:52.206065
56349358-a5e7-4693-b076-c66e2dea075d,b2c508fa-949c-42d7-b762-55fb6b6c4034,Maternity Leave,2025-02-24,2025-03-01,5,Approved,61d91d7a-7705-4c5f-aa40-f5042a98b2fb,2026-02-23 10:54:52.206075
72a6ec27-c64f-455a-bcfb-0a7e540c6ed6,30f694cb-7102-4630-a4ca-7acdccb754cc,Compassionate Leave,2024-04-28,2024-05-03,5,Pending,66dfa22d-9ac6-4646-b380-b10d730619c6,2026-02-23 10:54:52.206086
54063d7d-96ef-45dc-8eb0-9838fd5baff3,30f694cb-7102-4630-a4ca-7acdccb754cc,Maternity Leave,2024-03-13,2024-03-22,9,Approved,bc3fd319-3ae4-4f1e-99dc-7bb2b1d37cd9,2026-02-23 10:54:52.206099
d494f0a5-12ee-46ce-8867-813ad6449cc0,30f694cb-7102-4630-a4ca-7acdccb754cc,Study Leave,2024-03-01,2024-03-13,12,Approved,e0ac1ea6-2139-4814-aed7-8e6908734903,2026-02-23 10:54:52.206114
54a62d9d-569b-44f6-8a7e-f9433d4014ae,30f694cb-7102-4630-a4ca-7acdccb754cc,Compassionate Leave,2024-10-30,2024-11-06,7,Approved,0e26b1d2-8b1b-4bd8-a9de-dfbcc5d6c82a,2026-02-23 10:54:52.206128
58041c61-8f77-4766-8dfb-8a092744f410,30f694cb-7102-4630-a4ca-7acdccb754cc,Compassionate Leave,2025-12-26,2026-01-04,9,Approved,55a9c4c7-f5fe-42bd-82b7-7ca9b036f8bf,2026-02-23 10:54:52.206146
6a9efc21-0a2d-45fc-9838-df1dcaa58e19,30f694cb-7102-4630-a4ca-7acdccb754cc,Sick Leave,2024-06-14,2024-06-25,11,Pending,3e057cef-fddd-4b26-825b-4bdf15b4dfc2,2026-02-23 10:54:52.206157
3a6e748d-60dd-4843-88fd-99df3d54fe94,39298160-e0b1-4374-b99c-417eb5ad876d,Maternity Leave,2024-10-30,2024-11-08,9,Approved,a0907a8d-bbd3-4029-8b63-18b3ff63432c,2026-02-23 10:54:52.206168
3eae5a30-71eb-4dd0-a287-bec6bf8a6d07,39298160-e0b1-4374-b99c-417eb5ad876d,Paternity Leave,2024-11-21,2024-11-30,9,Approved,72ad50be-c1ef-49b6-a8bf-795ddc1b8b51,2026-02-23 10:54:52.206177
a5cab01a-08ef-43fb-b330-92d9804fedb5,0440672d-b5b4-483f-a959-f5433ae934c2,Maternity Leave,2025-05-18,2025-06-02,15,Approved,ad9a51d1-16f4-47bc-a4ce-ce1bc670a73d,2026-02-23 10:54:52.206187
6d142f3f-eb4a-4ae2-b551-2aaa7dc286d0,0440672d-b5b4-483f-a959-f5433ae934c2,Sick Leave,2024-06-27,2024-07-05,8,Approved,47f251d8-2fd2-435e-b6ef-d85872ec57cc,2026-02-23 10:54:52.206215
34e12d6f-e6e2-438d-bb89-ebca269f8b1a,0440672d-b5b4-483f-a959-f5433ae934c2,Compassionate Leave,2025-05-19,2025-06-01,13,Approved,3c669018-1bf6-405a-b165-f26eac71c967,2026-02-23 10:54:52.206227
124e7224-ecaa-4967-917a-f651fcb429eb,0440672d-b5b4-483f-a959-f5433ae934c2,Sick Leave,2025-09-20,2025-10-02,12,Approved,6d6a5675-4856-4e99-b9e1-4f5fef59b838,2026-02-23 10:54:52.206238
41e18a83-6d9c-4818-b356-0eea02057c3d,0440672d-b5b4-483f-a959-f5433ae934c2,Sick Leave,2025-01-04,2025-01-07,3,Approved,3c669018-1bf6-405a-b165-f26eac71c967,2026-02-23 10:54:52.206258
6104a9de-8bfc-413a-a5a6-ee0cd1a924d7,79d02cd6-dbee-4ae7-bceb-ab82ff6d23c7,Compassionate Leave,2025-04-17,2025-04-30,13,Approved,288a1981-186a-44c0-963d-fe87d0d3e1c4,2026-02-23 10:54:52.206269
7df7a823-7d81-4346-9fa4-b981e6c96c19,79d02cd6-dbee-4ae7-bceb-ab82ff6d23c7,Compassionate Leave,2025-04-23,2025-04-29,6,Rejected,19dab2b4-bf6e-43e2-bcdb-376c8d8fd83a,2026-02-23 10:54:52.206289
59f0052b-1879-418e-8d3c-4da7a1d5cbb4,79d02cd6-dbee-4ae7-bceb-ab82ff6d23c7,Sick Leave,2024-10-07,2024-10-12,5,Pending,441a5187-a4d2-43c1-a32b-6f4df4d1e51e,2026-02-23 10:54:52.206301
891adc8b-3474-4b18-97fb-a5d57c52226d,79d02cd6-dbee-4ae7-bceb-ab82ff6d23c7,Maternity Leave,2025-11-29,2025-12-12,13,Approved,b463578f-babd-4a84-8ce0-3aa9e2a90d68,2026-02-23 10:54:52.206311
99b12eaf-07fe-40aa-8374-9d2a55ea3a3a,79d02cd6-dbee-4ae7-bceb-ab82ff6d23c7,Maternity Leave,2024-05-17,2024-05-19,2,Approved,66dfa22d-9ac6-4646-b380-b10d730619c6,2026-02-23 10:54:52.206323
e8f56ee6-a970-4b47-b1ba-8d417e4e67cc,a3dc6d64-2521-4735-8eba-fedb77f76c27,Sick Leave,2024-10-09,2024-10-11,2,Approved,fe54ebbb-2c0c-4009-a811-ee089e7dec77,2026-02-23 10:54:52.206345
831fc39a-046f-4643-84f0-078702117d40,a3dc6d64-2521-4735-8eba-fedb77f76c27,Compassionate Leave,2025-08-10,2025-08-17,7,Rejected,0301d27b-3b23-40d2-816d-59fda9b9bed3,2026-02-23 10:54:52.206356
e99a2f1d-d757-46bb-89a5-0dbecb20d7ff,a3dc6d64-2521-4735-8eba-fedb77f76c27,Study Leave,2024-06-02,2024-06-12,10,Approved,a3dc6d64-2521-4735-8eba-fedb77f76c27,2026-02-23 10:54:52.206368
3a3daa35-0d2f-418a-bd17-d7aa36fdbd4e,a3dc6d64-2521-4735-8eba-fedb77f76c27,Annual Leave,2025-02-22,2025-02-24,2,Pending,975e0078-821c-4ac7-8308-f70a0a6fdc87,2026-02-23 10:54:52.206379
e23a8618-df0d-41be-947e-9b4beffd1d7a,a3dc6d64-2521-4735-8eba-fedb77f76c27,Study Leave,2025-04-23,2025-05-04,11,Approved,bc3fd319-3ae4-4f1e-99dc-7bb2b1d37cd9,2026-02-23 10:54:52.206391
81ac9eb2-41b5-4a55-8f6e-96fb7ef42802,975e0078-821c-4ac7-8308-f70a0a6fdc87,Study Leave,2025-05-17,2025-05-21,4,Rejected,f4675ba3-f087-4281-b69d-adbce3006b06,2026-02-23 10:54:52.206405
b8bf7401-e168-4716-aa99-edc75c87976e,975e0078-821c-4ac7-8308-f70a0a6fdc87,Sick Leave,2024-08-12,2024-08-21,9,Approved,fe54ebbb-2c0c-4009-a811-ee089e7dec77,2026-02-23 10:54:52.206416
95ec6799-a3e0-4cd0-9f37-3928af0c93ec,975e0078-821c-4ac7-8308-f70a0a6fdc87,Annual Leave,2024-07-10,2024-07-17,7,Pending,15ead9a4-1514-487c-a373-e8d5b4cf7209,2026-02-23 10:54:52.206427
ac2f90cf-1cd0-4044-be73-e7c72358cb28,975e0078-821c-4ac7-8308-f70a0a6fdc87,Study Leave,2025-04-25,2025-05-08,13,Approved,05216a4c-95d5-4db6-9892-7301309dcd5a,2026-02-23 10:54:52.206439
9c4a86a3-8949-4237-ba59-02634ca30af6,dfe7b245-4429-4631-a091-df7c518f56b0,Study Leave,2025-05-13,2025-05-19,6,Pending,2a3d5924-8a1e-4757-a2cc-0868d910a0d5,2026-02-23 10:54:52.206450
7379afab-bbe7-4b34-8db5-cf58b2014017,dfe7b245-4429-4631-a091-df7c518f56b0,Sick Leave,2024-08-29,2024-08-31,2,Approved,09b4b3c7-5f7d-4c5c-9e3d-a7cb26571da5,2026-02-23 10:54:52.206461
39281da4-7408-49ab-bbfe-e5db68f4f887,dfe7b245-4429-4631-a091-df7c518f56b0,Study Leave,2025-07-21,2025-07-26,5,Approved,b3c42a73-814d-4e7c-aa65-82a3abcb77a0,2026-02-23 10:54:52.206472
58ea5614-9928-49e8-9a59-7b936ff40c24,dfe7b245-4429-4631-a091-df7c518f56b0,Compassionate Leave,2025-05-23,2025-05-28,5,Approved,7b36f4d5-f017-4523-af22-d6ce2a58ddad,2026-02-23 10:54:52.206483
8e39a1a0-b87b-475a-85dd-d9f3b98f0f2f,fd5fdf81-55b1-4f69-8f12-046f3bfd8b77,Maternity Leave,2025-06-24,2025-07-05,11,Approved,6f46bc71-a97e-4989-9ec1-f114399219d1,2026-02-23 10:54:52.206495
16d4d04d-a0a8-4fa3-bcdd-2e70c6bf421d,fd5fdf81-55b1-4f69-8f12-046f3bfd8b77,Annual Leave,2024-03-06,2024-03-20,14,Approved,1561326f-1d26-4dfb-a412-086919c9419d,2026-02-23 10:54:52.206513
44469e59-6969-4b4f-93b1-8765975502b6,fd5fdf81-55b1-4f69-8f12-046f3bfd8b77,Paternity Leave,2025-01-17,2025-01-27,10,Pending,a3dc6d64-2521-4735-8eba-fedb77f76c27,2026-02-23 10:54:52.206529
48a7c17f-c1cc-4ef0-b938-0fb52fe646ab,6d6a5675-4856-4e99-b9e1-4f5fef59b838,Paternity Leave,2024-08-27,2024-08-31,4,Approved,af9f5d06-e6c3-4859-8282-8e664f6ebae9,2026-02-23 10:54:52.206541
07c2fffb-26e6-4ce5-990f-10985036530f,6d6a5675-4856-4e99-b9e1-4f5fef59b838,Maternity Leave,2025-07-03,2025-07-17,14,Approved,a1b8d0bb-5c83-4a28-8749-631b96fca46c,2026-02-23 10:54:52.206553
f74c811b-70ee-4698-9e36-d8edee6134cb,6d6a5675-4856-4e99-b9e1-4f5fef59b838,Compassionate Leave,2025-05-21,2025-05-28,7,Rejected,57c3747a-e1e6-4966-842c-1b75432a465b,2026-02-23 10:54:52.206563
7fd14b46-5db1-45cc-b18d-d9e3c3db16fe,6d6a5675-4856-4e99-b9e1-4f5fef59b838,Maternity Leave,2024-11-29,2024-12-14,15,Rejected,2a220a53-4c79-4db1-87c1-80ad25938711,2026-02-23 10:54:52.206576
2346c5a9-95bd-4783-b254-9be71067b06b,fc389fa0-930b-4018-8fe9-7b6e8f14271f,Maternity Leave,2025-09-04,2025-09-05,1,Pending,4abc59f0-b600-4ba4-8c62-552f43ab38c7,2026-02-23 10:54:52.206587
eec8c5e0-91b6-4e88-9957-f0d2e9330532,fc389fa0-930b-4018-8fe9-7b6e8f14271f,Annual Leave,2025-09-05,2025-09-09,4,Pending,441a5187-a4d2-43c1-a32b-6f4df4d1e51e,2026-02-23 10:54:52.206607
05f3dc05-4741-492d-8b03-d368bc5a1cc2,fc389fa0-930b-4018-8fe9-7b6e8f14271f,Sick Leave,2024-02-10,2024-02-21,11,Approved,19dab2b4-bf6e-43e2-bcdb-376c8d8fd83a,2026-02-23 10:54:52.206618
1cb8c3ac-f4da-4a2e-955d-cada1a1e9556,fc389fa0-930b-4018-8fe9-7b6e8f14271f,Paternity Leave,2024-05-29,2024-06-09,11,Approved,e924e942-2636-4d55-a146-0504952bfdae,2026-02-23 10:54:52.206629
5cbbfd0a-fa49-4a54-92b6-cc16e857eee8,4919ddc8-8997-4c0f-bee4-7fcf33afaffc,Study Leave,2024-05-26,2024-05-27,1,Approved,e025cf83-1169-4cf0-a84c-f838f6987536,2026-02-23 10:54:52.206641
e0b09f76-679b-4477-ba4a-ffe9b8ebf6fb,4919ddc8-8997-4c0f-bee4-7fcf33afaffc,Annual Leave,2025-03-20,2025-04-02,13,Approved,af9f5d06-e6c3-4859-8282-8e664f6ebae9,2026-02-23 10:54:52.206652
200c154c-9244-44f0-8ba9-476100820f8c,4919ddc8-8997-4c0f-bee4-7fcf33afaffc,Annual Leave,2025-02-01,2025-02-11,10,Pending,0e26b1d2-8b1b-4bd8-a9de-dfbcc5d6c82a,2026-02-23 10:54:52.206663
13a4edbc-82f2-4ba6-9801-dab4c5233b9e,4919ddc8-8997-4c0f-bee4-7fcf33afaffc,Maternity Leave,2024-12-06,2024-12-16,10,Approved,761b9383-a22e-429c-b7fa-cba143af59ba,2026-02-23 10:54:52.206674
3bae1745-0135-4365-a077-245791a448ef,4919ddc8-8997-4c0f-bee4-7fcf33afaffc,Compassionate Leave,2024-03-18,2024-03-21,3,Approved,13f74086-e15f-479b-aa48-73d5d60e788b,2026-02-23 10:54:52.206684
837f1530-f891-47c2-9167-ac274a864b9b,4919ddc8-8997-4c0f-bee4-7fcf33afaffc,Paternity Leave,2025-02-22,2025-03-02,8,Pending,cfc09f15-3619-4d62-b827-b15e76da2559,2026-02-23 10:54:52.206695
6ee072ce-6631-4c6a-ad93-73f076c55840,1f024d78-c38e-4783-a344-04db3d2585df,Annual Leave,2025-12-15,2025-12-27,12,Approved,57c3747a-e1e6-4966-842c-1b75432a465b,2026-02-23 10:54:52.206707
3d8bbfec-f9f0-4061-9eb6-80365f749b0f,1f024d78-c38e-4783-a344-04db3d2585df,Compassionate Leave,2025-03-15,2025-03-21,6,Pending,6c9f29c5-5d5b-4a5d-afd0-14ab8be91abf,2026-02-23 10:54:52.206718
1ac42264-2376-4149-ac5a-cecb833e4920,1f024d78-c38e-4783-a344-04db3d2585df,Annual Leave,2025-10-06,2025-10-07,1,Pending,fe7f7935-e1a2-4e48-a5f0-c9e4cd230a07,2026-02-23 10:54:52.206728
fcbc6df7-842d-43ae-8ff2-dc1c6e692b87,1f024d78-c38e-4783-a344-04db3d2585df,Maternity Leave,2024-05-09,2024-05-21,12,Approved,3c669018-1bf6-405a-b165-f26eac71c967,2026-02-23 10:54:52.206739
5f2e5b1a-35f4-4d21-8015-4fdc807377e8,1f024d78-c38e-4783-a344-04db3d2585df,Paternity Leave,2025-12-06,2025-12-20,14,Approved,af9f5d06-e6c3-4859-8282-8e664f6ebae9,2026-02-23 10:54:52.206749
2f2004e1-6b00-42a3-be7b-f7bd3868f08f,b625cdfd-24a0-4f5a-b441-ed3c8ac1268f,Sick Leave,2024-12-07,2024-12-08,1,Approved,fc389fa0-930b-4018-8fe9-7b6e8f14271f,2026-02-23 10:54:52.206761
e7a4fb43-89f9-46c1-b954-52045bd0b872,b625cdfd-24a0-4f5a-b441-ed3c8ac1268f,Sick Leave,2025-03-17,2025-03-27,10,Approved,e94359ce-c9e0-4942-af64-a6658207f759,2026-02-23 10:54:52.206771
d3d192d5-abe2-417f-8042-e3559c69cc92,b625cdfd-24a0-4f5a-b441-ed3c8ac1268f,Paternity Leave,2025-02-08,2025-02-17,9,Approved,ad9a51d1-16f4-47bc-a4ce-ce1bc670a73d,2026-02-23 10:54:52.206781
a321da9a-164f-4309-bbef-4ac6fc5d9e71,b625cdfd-24a0-4f5a-b441-ed3c8ac1268f,Paternity Leave,2025-01-17,2025-01-29,12,Approved,b625cdfd-24a0-4f5a-b441-ed3c8ac1268f,2026-02-23 10:54:52.206792
c7f582ec-00c6-4152-beb1-3abd805891ae,b625cdfd-24a0-4f5a-b441-ed3c8ac1268f,Annual Leave,2024-09-02,2024-09-09,7,Approved,db5795c4-a3ee-482e-986b-bb27fe1a6f84,2026-02-23 10:54:52.206803
676bc880-d14c-4772-b899-0d73ce361449,b625cdfd-24a0-4f5a-b441-ed3c8ac1268f,Paternity Leave,2025-03-10,2025-03-14,4,Approved,a902f91d-bf50-40ef-b27f-52ea934011df,2026-02-23 10:54:52.206813
ce972eee-70f9-458e-8f72-e61a37aa8b4b,deb008e5-6615-437a-9371-17b6ede878e1,Annual Leave,2024-04-08,2024-04-20,12,Approved,b463578f-babd-4a84-8ce0-3aa9e2a90d68,2026-02-23 10:54:52.206824
b50b7665-f847-40ff-9e90-55cdc972adb6,deb008e5-6615-437a-9371-17b6ede878e1,Sick Leave,2025-11-07,2025-11-13,6,Pending,ae5314a1-5f6f-45dc-b898-9a56a685da93,2026-02-23 10:54:52.206834
5ddd6ec3-e54c-4b9f-9f30-d4b5d47d6f05,b463578f-babd-4a84-8ce0-3aa9e2a90d68,Compassionate Leave,2024-08-18,2024-08-20,2,Approved,f4675ba3-f087-4281-b69d-adbce3006b06,2026-02-23 10:54:52.206845
0933fb7f-b940-472c-9f1c-f4d2874ae7eb,3e057cef-fddd-4b26-825b-4bdf15b4dfc2,Paternity Leave,2024-09-01,2024-09-08,7,Rejected,09b4b3c7-5f7d-4c5c-9e3d-a7cb26571da5,2026-02-23 10:54:52.206856
309398a1-c8c9-4d07-a4b8-785d9e47df38,3e057cef-fddd-4b26-825b-4bdf15b4dfc2,Study Leave,2025-01-10,2025-01-13,3,Rejected,975e0078-821c-4ac7-8308-f70a0a6fdc87,2026-02-23 10:54:52.206867
a95eb311-3c63-4f39-a004-5e179de6be64,3e057cef-fddd-4b26-825b-4bdf15b4dfc2,Paternity Leave,2025-10-12,2025-10-24,12,Approved,14afa235-901f-4e4d-95bf-a99a463cc548,2026-02-23 10:54:52.206877
ec5f1679-4a4b-4033-aecb-4cf4a687117f,3e057cef-fddd-4b26-825b-4bdf15b4dfc2,Sick Leave,2025-07-12,2025-07-17,5,Approved,4919ddc8-8997-4c0f-bee4-7fcf33afaffc,2026-02-23 10:54:52.206887
131640b4-9b1b-498d-812f-fb5ab1ee1041,3e057cef-fddd-4b26-825b-4bdf15b4dfc2,Compassionate Leave,2024-11-15,2024-11-24,9,Approved,a1b8d0bb-5c83-4a28-8749-631b96fca46c,2026-02-23 10:54:52.206898
50276c11-aa7c-45e5-8e7c-c3f5abce4353,a902f91d-bf50-40ef-b27f-52ea934011df,Paternity Leave,2025-07-08,2025-07-19,11,Approved,11bcd081-8e1d-40dc-aaca-006a85c4ec9a,2026-02-23 10:54:52.206913
5cd21275-e8f6-40b2-b564-6783527141a5,a902f91d-bf50-40ef-b27f-52ea934011df,Maternity Leave,2025-06-19,2025-06-26,7,Approved,6c9f29c5-5d5b-4a5d-afd0-14ab8be91abf,2026-02-23 10:54:52.206923
3aaf12f5-a0f6-4e35-8640-171f35bbed2a,a902f91d-bf50-40ef-b27f-52ea934011df,Annual Leave,2025-11-27,2025-11-29,2,Pending,e025cf83-1169-4cf0-a84c-f838f6987536,2026-02-23 10:54:52.206936
b4da7de8-fd3e-4659-8e75-2be153568cb9,96049166-34cc-443f-9619-31e6cad7bfe1,Sick Leave,2025-09-16,2025-09-24,8,Pending,15407f62-ff85-47c6-83a5-b4962d775fac,2026-02-23 10:54:52.206948
27d30dbf-500d-465d-a2b0-88430b9ece15,96049166-34cc-443f-9619-31e6cad7bfe1,Maternity Leave,2024-08-03,2024-08-04,1,Approved,877a5c2c-1c04-4e0e-b21a-cef5eda8d97f,2026-02-23 10:54:52.206958
9675511a-98d5-4291-83d0-5fad9b267983,96049166-34cc-443f-9619-31e6cad7bfe1,Sick Leave,2024-02-19,2024-02-24,5,Approved,951a886e-c227-4138-8a05-2fef2f24c2d2,2026-02-23 10:54:52.206969
67904a8b-6179-421d-b1c9-2051ee52fcb0,11bcd081-8e1d-40dc-aaca-006a85c4ec9a,Compassionate Leave,2025-01-31,2025-02-03,3,Approved,fe54ebbb-2c0c-4009-a811-ee089e7dec77,2026-02-23 10:54:52.206980
9f02b522-13e4-4a77-8f35-5711f03b25ca,11bcd081-8e1d-40dc-aaca-006a85c4ec9a,Annual Leave,2025-04-14,2025-04-25,11,Rejected,fe7f7935-e1a2-4e48-a5f0-c9e4cd230a07,2026-02-23 10:54:52.206991
9bfba1eb-bcb1-4995-9ca0-27ac7f60ed33,11bcd081-8e1d-40dc-aaca-006a85c4ec9a,Compassionate Leave,2024-04-23,2024-05-04,11,Approved,059f7d32-2a53-4066-a6c0-e6010bdd4aed,2026-02-23 10:54:52.207001
00134685-fc48-4b23-aba1-f70e5c0b0c70,11bcd081-8e1d-40dc-aaca-006a85c4ec9a,Maternity Leave,2025-12-25,2025-12-29,4,Approved,0301d27b-3b23-40d2-816d-59fda9b9bed3,2026-02-23 10:54:52.207055
ed3a2c42-85b7-46c4-9235-7d23b24a6877,72ad50be-c1ef-49b6-a8bf-795ddc1b8b51,Paternity Leave,2024-09-02,2024-09-12,10,Approved,edbb45c5-189f-4783-80a1-1d21a949775a,2026-02-23 10:54:52.207068
04e34dd1-de54-4bef-bbac-5599d91566c3,72ad50be-c1ef-49b6-a8bf-795ddc1b8b51,Paternity Leave,2024-12-22,2024-12-24,2,Pending,d4e41eef-dd8a-4561-8426-35acee4f9fad,2026-02-23 10:54:52.207079
8a7dcc05-119c-4702-9bab-3d39b3b62490,72ad50be-c1ef-49b6-a8bf-795ddc1b8b51,Sick Leave,2025-12-18,2025-12-27,9,Pending,6f46bc71-a97e-4989-9ec1-f114399219d1,2026-02-23 10:54:52.207090
c3cd7b47-f9e6-42f2-b996-46cf4f7c618f,72ad50be-c1ef-49b6-a8bf-795ddc1b8b51,Compassionate Leave,2025-12-01,2025-12-11,10,Pending,ec6961cd-8d1f-40b3-9ca2-8788eedb7a4a,2026-02-23 10:54:52.207102
5b4f4d73-72cc-4f90-b358-9ebefc621e22,72ad50be-c1ef-49b6-a8bf-795ddc1b8b51,Compassionate Leave,2025-10-21,2025-10-25,4,Approved,b0c1b232-c596-4d15-a02e-8a88bdc299e1,2026-02-23 10:54:52.207112
450a7e36-b072-4690-9ec2-745ced8df5f7,72ad50be-c1ef-49b6-a8bf-795ddc1b8b51,Compassionate Leave,2025-09-18,2025-10-02,14,Approved,e17e28aa-8f76-404b-9504-67aacbc32332,2026-02-23 10:54:52.207126
7630be75-d601-4671-bdd6-05414f1ef95e,a1b8d0bb-5c83-4a28-8749-631b96fca46c,Compassionate Leave,2025-01-24,2025-02-08,15,Approved,2a3d5924-8a1e-4757-a2cc-0868d910a0d5,2026-02-23 10:54:52.207146
59f67526-85b1-4cc0-9b64-c2bc6d22ff7a,a1b8d0bb-5c83-4a28-8749-631b96fca46c,Sick Leave,2025-01-19,2025-01-31,12,Approved,11bcd081-8e1d-40dc-aaca-006a85c4ec9a,2026-02-23 10:54:52.207157
e23dcd05-4830-4d6d-97af-13a8db6d44cf,a1b8d0bb-5c83-4a28-8749-631b96fca46c,Maternity Leave,2024-06-06,2024-06-12,6,Approved,30f694cb-7102-4630-a4ca-7acdccb754cc,2026-02-23 10:54:52.207166
ab598c54-c9c9-49fb-9709-31cd3d61b1a1,f4675ba3-f087-4281-b69d-adbce3006b06,Paternity Leave,2024-07-02,2024-07-16,14,Rejected,fd5fdf81-55b1-4f69-8f12-046f3bfd8b77,2026-02-23 10:54:52.207177
29a9b51e-6b2c-441a-a285-a88c7081e8aa,f4675ba3-f087-4281-b69d-adbce3006b06,Study Leave,2025-04-29,2025-05-03,4,Approved,b3c42a73-814d-4e7c-aa65-82a3abcb77a0,2026-02-23 10:54:52.207187
59dd5f8c-96f6-42cf-9542-49602aa1dbca,f4675ba3-f087-4281-b69d-adbce3006b06,Study Leave,2024-11-07,2024-11-18,11,Rejected,87f64f8d-b65f-440e-ad22-dc2e0e26944f,2026-02-23 10:54:52.207199
2fe4c5be-a164-4c07-8ff4-baac265d2a9c,f4675ba3-f087-4281-b69d-adbce3006b06,Maternity Leave,2024-07-18,2024-07-21,3,Pending,28cb13d0-4c3a-4891-8517-b2200fe8c0c0,2026-02-23 10:54:52.207212
4862e635-e554-434b-be02-bc77b11be8eb,a1c5850c-1d05-4251-b6e4-fd55662f8895,Study Leave,2024-06-27,2024-07-05,8,Approved,c0da24ec-7e26-4d2a-8b74-3f7c3ba80dc5,2026-02-23 10:54:52.207227
a978fdd0-1f53-44fa-ada4-ac0c1fe68717,441a5187-a4d2-43c1-a32b-6f4df4d1e51e,Paternity Leave,2025-11-24,2025-12-04,10,Approved,fa5748e6-3969-42d9-a734-d67d41d569eb,2026-02-23 10:54:52.207241
b11b009f-e155-4b5c-aaa4-f930b65f2ad8,441a5187-a4d2-43c1-a32b-6f4df4d1e51e,Paternity Leave,2024-07-26,2024-08-01,6,Approved,8b098815-6d19-4b98-989d-5cd3d0ca32c8,2026-02-23 10:54:52.207253
9e23edc1-cbc9-4a41-ae8e-1b6039c14453,441a5187-a4d2-43c1-a32b-6f4df4d1e51e,Paternity Leave,2025-09-13,2025-09-17,4,Approved,6f46bc71-a97e-4989-9ec1-f114399219d1,2026-02-23 10:54:52.207265
70c2ec63-c7e9-4a5e-bba0-2b7486bee3f7,441a5187-a4d2-43c1-a32b-6f4df4d1e51e,Study Leave,2025-08-08,2025-08-14,6,Approved,5ce9980c-4e5c-498b-bf4a-d91ca3bc9b05,2026-02-23 10:54:52.207278
220aa9a9-b1ac-4007-a5aa-5028f8eb0394,182d5d7c-f5ea-4353-a6be-af62cc5a9387,Maternity Leave,2024-09-14,2024-09-27,13,Approved,deb008e5-6615-437a-9371-17b6ede878e1,2026-02-23 10:54:52.207289
ce5f5e9d-9fb1-4ba8-b957-63579af3649d,13f74086-e15f-479b-aa48-73d5d60e788b,Sick Leave,2024-04-16,2024-04-30,14,Approved,1978e8ba-f74b-4dd7-a07f-9a02c99f5c62,2026-02-23 10:54:52.207298
18e42bb1-8143-497b-853b-ba4a6b366b9e,13f74086-e15f-479b-aa48-73d5d60e788b,Study Leave,2025-07-20,2025-07-26,6,Approved,877a5c2c-1c04-4e0e-b21a-cef5eda8d97f,2026-02-23 10:54:52.207309
acdbf660-2eb1-4561-9fbf-71324c1c6484,13f74086-e15f-479b-aa48-73d5d60e788b,Study Leave,2024-07-21,2024-07-31,10,Rejected,fc389fa0-930b-4018-8fe9-7b6e8f14271f,2026-02-23 10:54:52.207319
ad25198a-888f-4dff-a571-4ded3c384ee8,e94359ce-c9e0-4942-af64-a6658207f759,Paternity Leave,2024-04-11,2024-04-25,14,Approved,e025cf83-1169-4cf0-a84c-f838f6987536,2026-02-23 10:54:52.207329
44571afc-2785-4e73-a256-473a3d240903,e94359ce-c9e0-4942-af64-a6658207f759,Sick Leave,2025-12-07,2025-12-14,7,Approved,1561326f-1d26-4dfb-a412-086919c9419d,2026-02-23 10:54:52.207339
23a580f3-6903-4195-a2e9-698a916bd9d6,e94359ce-c9e0-4942-af64-a6658207f759,Paternity Leave,2024-04-09,2024-04-12,3,Approved,87f64f8d-b65f-440e-ad22-dc2e0e26944f,2026-02-23 10:54:52.207349
3d81d368-55ef-4ef1-ac60-f363f95c0596,e94359ce-c9e0-4942-af64-a6658207f759,Maternity Leave,2024-02-14,2024-02-20,6,Pending,05216a4c-95d5-4db6-9892-7301309dcd5a,2026-02-23 10:54:52.207358
cb7dffa3-a5a3-4138-8284-38acd82677a6,e94359ce-c9e0-4942-af64-a6658207f759,Compassionate Leave,2024-01-25,2024-01-29,4,Pending,1b995d09-0776-4717-ba72-c9585f7c675b,2026-02-23 10:54:52.207367
1020902d-bae3-4d22-a66d-002620b8d2d8,b8ec9f4f-63bf-4feb-b095-a025fd0e0dde,Compassionate Leave,2024-08-04,2024-08-08,4,Approved,2a220a53-4c79-4db1-87c1-80ad25938711,2026-02-23 10:54:52.207377
cfe8a86f-0eb0-4587-998d-df9ee0da5773,b8ec9f4f-63bf-4feb-b095-a025fd0e0dde,Compassionate Leave,2024-01-05,2024-01-12,7,Approved,579d0881-5786-4f06-ade1-c3d7a87b9b21,2026-02-23 10:54:52.207390
2279de52-d44b-461a-a1d2-9d2f8044cd27,a3d9075f-97de-4d4f-a4da-b5d40d3173c9,Study Leave,2024-11-03,2024-11-04,1,Approved,441a5187-a4d2-43c1-a32b-6f4df4d1e51e,2026-02-23 10:54:52.207401
82765042-c1d3-4ba8-89f8-3f52acd33f77,a3d9075f-97de-4d4f-a4da-b5d40d3173c9,Annual Leave,2025-09-07,2025-09-20,13,Approved,ae5314a1-5f6f-45dc-b898-9a56a685da93,2026-02-23 10:54:52.207411
857a4312-e41b-43de-bfde-2954caac9ae4,6c9f29c5-5d5b-4a5d-afd0-14ab8be91abf,Annual Leave,2024-04-01,2024-04-12,11,Approved,941bca12-f90a-4004-a85c-792003442bc3,2026-02-23 10:54:52.207421
0456e87e-3fe8-40d0-9d39-34874ba2e07f,6c9f29c5-5d5b-4a5d-afd0-14ab8be91abf,Sick Leave,2024-07-09,2024-07-15,6,Approved,19dab2b4-bf6e-43e2-bcdb-376c8d8fd83a,2026-02-23 10:54:52.207430
9ce9093f-2dc8-4b64-bec9-fd843da06b9e,6c9f29c5-5d5b-4a5d-afd0-14ab8be91abf,Paternity Leave,2024-03-13,2024-03-18,5,Approved,57c3747a-e1e6-4966-842c-1b75432a465b,2026-02-23 10:54:52.207440
129952b1-bf2a-4f67-bd37-6b6ff1802390,6c9f29c5-5d5b-4a5d-afd0-14ab8be91abf,Annual Leave,2025-12-29,2026-01-09,11,Approved,2a220a53-4c79-4db1-87c1-80ad25938711,2026-02-23 10:54:52.207450
963ea0b7-bc52-4836-b3df-d7058e83d2b7,2a220a53-4c79-4db1-87c1-80ad25938711,Compassionate Leave,2024-08-07,2024-08-09,2,Pending,19dab2b4-bf6e-43e2-bcdb-376c8d8fd83a,2026-02-23 10:54:52.207459
f2b78150-f086-49c6-b2bc-f6437201955b,2a220a53-4c79-4db1-87c1-80ad25938711,Paternity Leave,2024-09-29,2024-10-05,6,Approved,761b9383-a22e-429c-b7fa-cba143af59ba,2026-02-23 10:54:52.207469
3964329b-6f1b-4c18-8dfc-467f978cd5b0,2a220a53-4c79-4db1-87c1-80ad25938711,Maternity Leave,2024-11-23,2024-12-04,11,Pending,30f694cb-7102-4630-a4ca-7acdccb754cc,2026-02-23 10:54:52.207478
5a1e486b-73df-4590-a532-c6f6b849d147,2a220a53-4c79-4db1-87c1-80ad25938711,Maternity Leave,2025-03-10,2025-03-23,13,Approved,49eac2f0-7e4e-450f-9b47-46f89fa57a5d,2026-02-23 10:54:52.207488
7f4ddc86-714e-459a-9760-fff72d60d7ec,2a220a53-4c79-4db1-87c1-80ad25938711,Study Leave,2024-12-16,2024-12-23,7,Approved,04539a60-7c26-4abb-8a12-368f57142cb7,2026-02-23 10:54:52.207497
b4474ba0-d115-467d-bfc8-1dd706479817,2a220a53-4c79-4db1-87c1-80ad25938711,Maternity Leave,2024-08-24,2024-09-07,14,Approved,66dfa22d-9ac6-4646-b380-b10d730619c6,2026-02-23 10:54:52.207506
ed3e6552-38df-4705-ae89-52affcd973fd,61d91d7a-7705-4c5f-aa40-f5042a98b2fb,Paternity Leave,2025-01-25,2025-02-05,11,Pending,9086ef7d-a5e7-4dc8-b2eb-614655299514,2026-02-23 10:54:52.207516
7a0bae45-d925-41a0-a78a-8a229cd1290b,61d91d7a-7705-4c5f-aa40-f5042a98b2fb,Maternity Leave,2024-03-31,2024-04-10,10,Approved,059f7d32-2a53-4066-a6c0-e6010bdd4aed,2026-02-23 10:54:52.207525
6bba1180-0f37-4ed2-aba4-a5a0df9429d0,61d91d7a-7705-4c5f-aa40-f5042a98b2fb,Maternity Leave,2024-01-05,2024-01-08,3,Pending,877a5c2c-1c04-4e0e-b21a-cef5eda8d97f,2026-02-23 10:54:52.207543
6e2700f1-0358-4e41-8877-d4673f659d27,61d91d7a-7705-4c5f-aa40-f5042a98b2fb,Study Leave,2024-06-20,2024-06-26,6,Rejected,3e057cef-fddd-4b26-825b-4bdf15b4dfc2,2026-02-23 10:54:52.207556
ae5bf04d-6792-4dcb-81f0-bcda64bff407,61d91d7a-7705-4c5f-aa40-f5042a98b2fb,Paternity Leave,2025-01-24,2025-02-05,12,Approved,bc3fd319-3ae4-4f1e-99dc-7bb2b1d37cd9,2026-02-23 10:54:52.207566
d25d7e4f-ba27-41b9-a063-9c56302fe03c,3c669018-1bf6-405a-b165-f26eac71c967,Compassionate Leave,2025-10-22,2025-10-29,7,Approved,4919ddc8-8997-4c0f-bee4-7fcf33afaffc,2026-02-23 10:54:52.207577
0039c34a-603f-4736-9742-aa4874072905,3c669018-1bf6-405a-b165-f26eac71c967,Study Leave,2024-10-20,2024-10-23,3,Approved,11bcd081-8e1d-40dc-aaca-006a85c4ec9a,2026-02-23 10:54:52.207590
118cdca6-4b0e-4d56-b68d-d6cea236b14b,4abc59f0-b600-4ba4-8c62-552f43ab38c7,Maternity Leave,2025-11-02,2025-11-16,14,Approved,9086ef7d-a5e7-4dc8-b2eb-614655299514,2026-02-23 10:54:52.207605
94f4e2fd-5f69-4e7e-8a22-0330cf35b59d,4abc59f0-b600-4ba4-8c62-552f43ab38c7,Study Leave,2025-12-13,2025-12-21,8,Pending,deb008e5-6615-437a-9371-17b6ede878e1,2026-02-23 10:54:52.207614
05ea0bef-26c5-435a-830c-e4b9fc2688fa,4abc59f0-b600-4ba4-8c62-552f43ab38c7,Study Leave,2024-09-22,2024-09-23,1,Rejected,e025cf83-1169-4cf0-a84c-f838f6987536,2026-02-23 10:54:52.207623
4996208a-b750-4089-be79-c85783d76ffa,4abc59f0-b600-4ba4-8c62-552f43ab38c7,Annual Leave,2024-12-04,2024-12-17,13,Approved,deb008e5-6615-437a-9371-17b6ede878e1,2026-02-23 10:54:52.207634
1f0b5050-c52b-43b7-bcd4-f71d8c189109,14afa235-901f-4e4d-95bf-a99a463cc548,Maternity Leave,2024-12-29,2025-01-05,7,Approved,bc3fd319-3ae4-4f1e-99dc-7bb2b1d37cd9,2026-02-23 10:54:52.207644
9ad9e0f7-afd7-4c8a-af22-736f04545911,14afa235-901f-4e4d-95bf-a99a463cc548,Annual Leave,2024-01-08,2024-01-19,11,Rejected,fd5fdf81-55b1-4f69-8f12-046f3bfd8b77,2026-02-23 10:54:52.207654
fcde487f-54d1-4310-aa7c-3d67cf0aae02,14afa235-901f-4e4d-95bf-a99a463cc548,Study Leave,2025-02-05,2025-02-14,9,Rejected,ddc65744-dc42-45e0-87a6-e0a7954b2ab1,2026-02-23 10:54:52.207667
d637a649-ea1b-4e19-b194-37123313eb99,14afa235-901f-4e4d-95bf-a99a463cc548,Paternity Leave,2025-06-16,2025-06-25,9,Pending,877a5c2c-1c04-4e0e-b21a-cef5eda8d97f,2026-02-23 10:54:52.207678
cc83742e-bce5-4b2a-bbc0-82331edb3e69,14afa235-901f-4e4d-95bf-a99a463cc548,Compassionate Leave,2025-11-06,2025-11-10,4,Approved,288a1981-186a-44c0-963d-fe87d0d3e1c4,2026-02-23 10:54:52.207700
689c87e2-66b5-4a66-a0ee-b6cc49bdd4ce,14afa235-901f-4e4d-95bf-a99a463cc548,Compassionate Leave,2025-10-04,2025-10-05,1,Approved,0440672d-b5b4-483f-a959-f5433ae934c2,2026-02-23 10:54:52.207711
37a6399b-2ead-4a78-829a-2d6e794c076e,b3c42a73-814d-4e7c-aa65-82a3abcb77a0,Study Leave,2025-11-27,2025-12-01,4,Approved,41305b34-2ce5-4524-83d2-945750f27a0e,2026-02-23 10:54:52.207722
08faa31e-4b16-4876-9d78-b6b071aecdfb,b3c42a73-814d-4e7c-aa65-82a3abcb77a0,Study Leave,2025-05-31,2025-06-12,12,Rejected,e025cf83-1169-4cf0-a84c-f838f6987536,2026-02-23 10:54:52.207736
bfd1bf28-8b69-4616-a986-2787d3f34091,b3c42a73-814d-4e7c-aa65-82a3abcb77a0,Study Leave,2025-05-05,2025-05-12,7,Approved,3764b56f-3d0a-4565-8979-4fad3b46458a,2026-02-23 10:54:52.207746
93c21f06-7f2b-48eb-9d6a-4f475936f0dc,b3c42a73-814d-4e7c-aa65-82a3abcb77a0,Sick Leave,2024-11-02,2024-11-07,5,Approved,db5795c4-a3ee-482e-986b-bb27fe1a6f84,2026-02-23 10:54:52.207755
995aab63-5094-47db-9454-3ac35e415a9a,288a1981-186a-44c0-963d-fe87d0d3e1c4,Compassionate Leave,2025-12-31,2026-01-02,2,Rejected,ddc65744-dc42-45e0-87a6-e0a7954b2ab1,2026-02-23 10:54:52.207765
aed7f224-3ec4-481e-b1a1-ccb9fd0ef618,059f7d32-2a53-4066-a6c0-e6010bdd4aed,Paternity Leave,2025-04-05,2025-04-17,12,Approved,61d91d7a-7705-4c5f-aa40-f5042a98b2fb,2026-02-23 10:54:52.207775
5f62a4f1-cc4f-4898-a167-1ec131e4f6fe,05216a4c-95d5-4db6-9892-7301309dcd5a,Compassionate Leave,2024-07-11,2024-07-17,6,Approved,72ad50be-c1ef-49b6-a8bf-795ddc1b8b51,2026-02-23 10:54:52.207787
35a7edf7-97a2-4ccd-afd7-bec7b4c76928,05216a4c-95d5-4db6-9892-7301309dcd5a,Compassionate Leave,2025-04-08,2025-04-16,8,Approved,96049166-34cc-443f-9619-31e6cad7bfe1,2026-02-23 10:54:52.207796
aec6d20a-c379-424b-9975-102fdc8108af,951a886e-c227-4138-8a05-2fef2f24c2d2,Compassionate Leave,2024-11-28,2024-12-02,4,Approved,38204481-3349-45c6-9db0-0acb86b8299e,2026-02-23 10:54:52.207806
ba2e3666-f57d-4e17-b658-05723072d7cb,951a886e-c227-4138-8a05-2fef2f24c2d2,Maternity Leave,2025-08-05,2025-08-10,5,Pending,ff57854e-5869-4d57-a3cc-507538ef6f24,2026-02-23 10:54:52.207815
8c8e7856-62fe-4e29-bfff-e8e0328017ba,951a886e-c227-4138-8a05-2fef2f24c2d2,Compassionate Leave,2025-02-10,2025-02-23,13,Approved,ea584e6f-2059-4546-b2e5-39bf5b6d91f0,2026-02-23 10:54:52.207827
defd7896-77bb-40f5-85b0-bb8465759201,951a886e-c227-4138-8a05-2fef2f24c2d2,Annual Leave,2024-04-12,2024-04-26,14,Approved,3c669018-1bf6-405a-b165-f26eac71c967,2026-02-23 10:54:52.207840
20811d11-d859-4d84-871f-ccf0f0518535,951a886e-c227-4138-8a05-2fef2f24c2d2,Paternity Leave,2025-09-23,2025-10-04,11,Approved,0440672d-b5b4-483f-a959-f5433ae934c2,2026-02-23 10:54:52.207851
f08bcbf7-1c30-4d96-8596-b0e689cccdab,d8dfd797-40f5-4acd-a4ca-3d9473f31861,Sick Leave,2024-02-24,2024-02-26,2,Rejected,941bca12-f90a-4004-a85c-792003442bc3,2026-02-23 10:54:52.207861
5c2baeff-f187-4d2f-9382-72f3191356cf,d8dfd797-40f5-4acd-a4ca-3d9473f31861,Annual Leave,2024-08-25,2024-09-04,10,Pending,e0ac1ea6-2139-4814-aed7-8e6908734903,2026-02-23 10:54:52.207871
d4741de4-ac72-4434-b8da-349230ef4555,15ead9a4-1514-487c-a373-e8d5b4cf7209,Maternity Leave,2025-02-23,2025-02-26,3,Approved,a0e71fca-efa2-4ff9-a479-a407d413a74b,2026-02-23 10:54:52.207881
b1a26b5c-e56b-4300-bd85-1347827e411a,15ead9a4-1514-487c-a373-e8d5b4cf7209,Maternity Leave,2024-06-27,2024-07-06,9,Pending,2a3d5924-8a1e-4757-a2cc-0868d910a0d5,2026-02-23 10:54:52.207890
b995a257-52df-4971-a6c1-76f10902238a,15ead9a4-1514-487c-a373-e8d5b4cf7209,Study Leave,2024-08-29,2024-09-09,11,Approved,79d02cd6-dbee-4ae7-bceb-ab82ff6d23c7,2026-02-23 10:54:52.207900
141d745e-c28a-4cb7-98f6-96495e9efb1f,15ead9a4-1514-487c-a373-e8d5b4cf7209,Study Leave,2024-10-13,2024-10-25,12,Approved,9086ef7d-a5e7-4dc8-b2eb-614655299514,2026-02-23 10:54:52.207909
73d8feed-c6d8-44b4-8f61-7fa7e044114e,fe54ebbb-2c0c-4009-a811-ee089e7dec77,Compassionate Leave,2024-01-09,2024-01-17,8,Pending,4abc59f0-b600-4ba4-8c62-552f43ab38c7,2026-02-23 10:54:52.207920
03c1b03c-1ddf-4c29-86a7-e84220bb1ca4,fe54ebbb-2c0c-4009-a811-ee089e7dec77,Sick Leave,2025-11-20,2025-12-05,15,Pending,4abc59f0-b600-4ba4-8c62-552f43ab38c7,2026-02-23 10:54:52.207929
49db5641-6310-4997-b8db-92ee4dfa2e14,8b098815-6d19-4b98-989d-5cd3d0ca32c8,Study Leave,2025-10-17,2025-10-30,13,Pending,a1b8d0bb-5c83-4a28-8749-631b96fca46c,2026-02-23 10:54:52.207939
5c6134a2-ed24-412c-b55d-b80938699ab8,8b098815-6d19-4b98-989d-5cd3d0ca32c8,Study Leave,2024-12-10,2024-12-11,1,Approved,f425c095-0e0b-427a-9a01-773901b2fe8b,2026-02-23 10:54:52.207948
cc58509e-88a8-41ec-ae43-d1992fca517a,8b098815-6d19-4b98-989d-5cd3d0ca32c8,Annual Leave,2025-01-13,2025-01-18,5,Approved,e025cf83-1169-4cf0-a84c-f838f6987536,2026-02-23 10:54:52.207958
681485a3-77b2-4703-be75-1f611288bad6,8b098815-6d19-4b98-989d-5cd3d0ca32c8,Compassionate Leave,2024-01-12,2024-01-17,5,Approved,30f694cb-7102-4630-a4ca-7acdccb754cc,2026-02-23 10:54:52.207967
dd79b519-c30a-4521-a9af-3f9842030624,8b098815-6d19-4b98-989d-5cd3d0ca32c8,Maternity Leave,2025-08-14,2025-08-26,12,Pending,cedf4efe-8ee6-44f7-a395-15c179414c14,2026-02-23 10:54:52.207976
9d73f08f-913e-476b-8725-3ad7f83620a0,8b098815-6d19-4b98-989d-5cd3d0ca32c8,Paternity Leave,2024-02-16,2024-02-22,6,Approved,55a9c4c7-f5fe-42bd-82b7-7ca9b036f8bf,2026-02-23 10:54:52.207986
a971b1c9-c4fd-41d6-9d99-322e76b616c1,a0e71fca-efa2-4ff9-a479-a407d413a74b,Annual Leave,2025-08-25,2025-08-30,5,Approved,b0c1b232-c596-4d15-a02e-8a88bdc299e1,2026-02-23 10:54:52.208053
5bc7375a-e1f7-4b0a-95e0-57a71e95a6da,a0e71fca-efa2-4ff9-a479-a407d413a74b,Maternity Leave,2024-05-20,2024-06-04,15,Approved,2a3d5924-8a1e-4757-a2cc-0868d910a0d5,2026-02-23 10:54:52.208078
65499bc5-7e24-471e-a000-60a48c1fe148,a0e71fca-efa2-4ff9-a479-a407d413a74b,Paternity Leave,2024-08-17,2024-08-26,9,Approved,72ad50be-c1ef-49b6-a8bf-795ddc1b8b51,2026-02-23 10:54:52.208089
f58ec7dd-56bf-4e4f-b1bc-3c7d6df2fffb,a0e71fca-efa2-4ff9-a479-a407d413a74b,Paternity Leave,2024-01-06,2024-01-19,13,Approved,41305b34-2ce5-4524-83d2-945750f27a0e,2026-02-23 10:54:52.208099
e07e50f1-13ca-4e5e-8450-6f2994938c66,a0e71fca-efa2-4ff9-a479-a407d413a74b,Paternity Leave,2025-09-22,2025-09-30,8,Approved,b2c508fa-949c-42d7-b762-55fb6b6c4034,2026-02-23 10:54:52.208109
29bc6fd1-8e0e-401b-a80c-51fa50cfed36,38204481-3349-45c6-9db0-0acb86b8299e,Maternity Leave,2024-06-27,2024-07-04,7,Pending,49fc2842-fddd-44bb-90be-b4db9a0bac48,2026-02-23 10:54:52.208119
a4f5161a-5dcd-4843-a449-7b0c9c4767c9,38204481-3349-45c6-9db0-0acb86b8299e,Sick Leave,2025-10-01,2025-10-06,5,Pending,b463578f-babd-4a84-8ce0-3aa9e2a90d68,2026-02-23 10:54:52.208133
117bb32f-9c14-4399-a1a4-9ac0339c20bd,38204481-3349-45c6-9db0-0acb86b8299e,Study Leave,2024-07-29,2024-08-10,12,Approved,e025cf83-1169-4cf0-a84c-f838f6987536,2026-02-23 10:54:52.208150
66431e0a-edca-4041-8df5-4c72740a77a5,38204481-3349-45c6-9db0-0acb86b8299e,Maternity Leave,2024-01-26,2024-02-01,6,Pending,d5d19a53-f0eb-4480-a58c-2924460368da,2026-02-23 10:54:52.208159
cbff582e-6d7b-4114-ae4f-cde138312938,38204481-3349-45c6-9db0-0acb86b8299e,Sick Leave,2025-04-17,2025-05-02,15,Pending,dfe7b245-4429-4631-a091-df7c518f56b0,2026-02-23 10:54:52.208169
c59da964-2b56-4b9b-967d-f3d2555fafa9,38204481-3349-45c6-9db0-0acb86b8299e,Maternity Leave,2025-01-27,2025-01-30,3,Approved,57c3747a-e1e6-4966-842c-1b75432a465b,2026-02-23 10:54:52.208184
752cabf0-cef7-432b-aa70-7524cb3429fe,49fc2842-fddd-44bb-90be-b4db9a0bac48,Annual Leave,2024-08-01,2024-08-15,14,Approved,7b36f4d5-f017-4523-af22-d6ce2a58ddad,2026-02-23 10:54:52.208195
b34c68e7-37e5-4720-b157-312d95d114ed,49fc2842-fddd-44bb-90be-b4db9a0bac48,Annual Leave,2025-03-21,2025-03-28,7,Approved,877a5c2c-1c04-4e0e-b21a-cef5eda8d97f,2026-02-23 10:54:52.208204
06b4bd74-f825-472a-a342-2430aab562c4,7b36f4d5-f017-4523-af22-d6ce2a58ddad,Study Leave,2025-12-06,2025-12-14,8,Approved,61d91d7a-7705-4c5f-aa40-f5042a98b2fb,2026-02-23 10:54:52.208214
7dd5a4b4-8f93-4601-9600-29e90ef2e4e4,19dab2b4-bf6e-43e2-bcdb-376c8d8fd83a,Sick Leave,2024-09-18,2024-09-30,12,Approved,f425c095-0e0b-427a-9a01-773901b2fe8b,2026-02-23 10:54:52.208224
6a2d379b-0967-438c-ab02-0cf5d9fa83f1,19dab2b4-bf6e-43e2-bcdb-376c8d8fd83a,Annual Leave,2024-02-18,2024-03-01,12,Approved,d8dfd797-40f5-4acd-a4ca-3d9473f31861,2026-02-23 10:54:52.208234
1e1a545d-4c68-4bc0-86be-ff1f8576111c,19dab2b4-bf6e-43e2-bcdb-376c8d8fd83a,Sick Leave,2025-06-20,2025-07-05,15,Approved,a0907a8d-bbd3-4029-8b63-18b3ff63432c,2026-02-23 10:54:52.208246
58b23ad3-3818-4f50-beaa-f2af6781d3a0,19dab2b4-bf6e-43e2-bcdb-376c8d8fd83a,Compassionate Leave,2024-10-29,2024-10-30,1,Approved,8b098815-6d19-4b98-989d-5cd3d0ca32c8,2026-02-23 10:54:52.208255
ac136c2e-b6ab-4cdb-9663-4f52c7463cc2,19dab2b4-bf6e-43e2-bcdb-376c8d8fd83a,Sick Leave,2025-03-25,2025-03-31,6,Pending,1561326f-1d26-4dfb-a412-086919c9419d,2026-02-23 10:54:52.208264
e4927372-26b6-4872-b362-10ed73cc2970,28cb13d0-4c3a-4891-8517-b2200fe8c0c0,Sick Leave,2024-03-27,2024-03-31,4,Approved,dfe7b245-4429-4631-a091-df7c518f56b0,2026-02-23 10:54:52.208275
01c17dfd-8b0e-46fc-84f5-0b9873f7978b,28cb13d0-4c3a-4891-8517-b2200fe8c0c0,Paternity Leave,2025-07-15,2025-07-23,8,Pending,05216a4c-95d5-4db6-9892-7301309dcd5a,2026-02-23 10:54:52.208284
6b712604-129b-470f-a012-fae5571280bf,28cb13d0-4c3a-4891-8517-b2200fe8c0c0,Paternity Leave,2024-03-09,2024-03-22,13,Approved,e924e942-2636-4d55-a146-0504952bfdae,2026-02-23 10:54:52.208294
b2d93c29-e1cd-4a01-af20-6fb6a42f6a61,be8b92fe-3b10-49ea-9287-1f95a46814ea,Study Leave,2024-10-12,2024-10-26,14,Approved,3c669018-1bf6-405a-b165-f26eac71c967,2026-02-23 10:54:52.208307
a2ce92cb-7b5d-407c-8ea4-6c1d50c7db98,be8b92fe-3b10-49ea-9287-1f95a46814ea,Paternity Leave,2025-03-29,2025-04-03,5,Approved,dfe7b245-4429-4631-a091-df7c518f56b0,2026-02-23 10:54:52.208317
8b1baea1-7362-4d2f-8899-debc20e7b07a,be8b92fe-3b10-49ea-9287-1f95a46814ea,Paternity Leave,2025-04-20,2025-04-22,2,Pending,e94359ce-c9e0-4942-af64-a6658207f759,2026-02-23 10:54:52.208327
33d11e22-c3fb-4977-971f-d7e3a75e5a2d,cedf4efe-8ee6-44f7-a395-15c179414c14,Annual Leave,2025-12-27,2026-01-02,6,Pending,059f7d32-2a53-4066-a6c0-e6010bdd4aed,2026-02-23 10:54:52.208336
3c7d050d-d24b-4050-a134-dcddb3db750f,d4e41eef-dd8a-4561-8426-35acee4f9fad,Sick Leave,2025-10-16,2025-10-19,3,Rejected,fe7f7935-e1a2-4e48-a5f0-c9e4cd230a07,2026-02-23 10:54:52.208347
feb7dcdf-7915-4875-8ed7-0a001d2953de,d4e41eef-dd8a-4561-8426-35acee4f9fad,Study Leave,2024-08-03,2024-08-04,1,Pending,13f74086-e15f-479b-aa48-73d5d60e788b,2026-02-23 10:54:52.208356
23d9efdc-0cde-43e1-8cc0-149dec4e1ff2,d4e41eef-dd8a-4561-8426-35acee4f9fad,Paternity Leave,2025-11-02,2025-11-06,4,Approved,d8ac4794-b742-4182-8d98-3930c190e26c,2026-02-23 10:54:52.208365
c07706c9-905b-4725-a9d5-3a1acf23b763,1561326f-1d26-4dfb-a412-086919c9419d,Paternity Leave,2024-03-26,2024-04-03,8,Approved,a1c5850c-1d05-4251-b6e4-fd55662f8895,2026-02-23 10:54:52.208376
3ff74d17-c833-45b6-bc77-69ad0d640765,47d8e6ba-9273-4e97-870d-a5c4b3ae6bbd,Study Leave,2025-06-17,2025-06-26,9,Approved,dfe7b245-4429-4631-a091-df7c518f56b0,2026-02-23 10:54:52.208387
b0c4f113-81bf-41f0-b433-a7253b42883e,47d8e6ba-9273-4e97-870d-a5c4b3ae6bbd,Annual Leave,2024-05-13,2024-05-14,1,Approved,a1c5850c-1d05-4251-b6e4-fd55662f8895,2026-02-23 10:54:52.208397
4f29368e-b758-4a8f-b7cc-efe38cfa10da,bc3fd319-3ae4-4f1e-99dc-7bb2b1d37cd9,Study Leave,2024-02-15,2024-03-01,15,Rejected,941bca12-f90a-4004-a85c-792003442bc3,2026-02-23 10:54:52.208406
ebb2f5d3-901d-4716-af06-8b0060af9e57,bc3fd319-3ae4-4f1e-99dc-7bb2b1d37cd9,Compassionate Leave,2024-09-25,2024-09-29,4,Approved,d5d19a53-f0eb-4480-a58c-2924460368da,2026-02-23 10:54:52.208419
c0bda04f-3f67-4110-8adf-41d93714f166,bc3fd319-3ae4-4f1e-99dc-7bb2b1d37cd9,Annual Leave,2025-01-05,2025-01-13,8,Approved,e924e942-2636-4d55-a146-0504952bfdae,2026-02-23 10:54:52.208428
2d3b3561-4b31-4b52-b517-ac1de1a2dc70,55a9c4c7-f5fe-42bd-82b7-7ca9b036f8bf,Annual Leave,2024-05-03,2024-05-04,1,Approved,1b995d09-0776-4717-ba72-c9585f7c675b,2026-02-23 10:54:52.208438
21ceee3c-c8aa-45d8-b2a4-21b11b059930,55a9c4c7-f5fe-42bd-82b7-7ca9b036f8bf,Compassionate Leave,2025-03-24,2025-03-29,5,Approved,975e0078-821c-4ac7-8308-f70a0a6fdc87,2026-02-23 10:54:52.208447
e6d65b45-aee7-4e50-805b-3f56506b0d90,55a9c4c7-f5fe-42bd-82b7-7ca9b036f8bf,Annual Leave,2024-03-28,2024-04-07,10,Pending,47d8e6ba-9273-4e97-870d-a5c4b3ae6bbd,2026-02-23 10:54:52.208457
a2427928-ad27-457c-990d-4fb32f08baa2,55a9c4c7-f5fe-42bd-82b7-7ca9b036f8bf,Paternity Leave,2025-09-17,2025-10-02,15,Approved,951a886e-c227-4138-8a05-2fef2f24c2d2,2026-02-23 10:54:52.208466
edcb4ca2-8557-4bb7-8b54-46b712d2fd97,55a9c4c7-f5fe-42bd-82b7-7ca9b036f8bf,Maternity Leave,2025-08-05,2025-08-11,6,Approved,edbb45c5-189f-4783-80a1-1d21a949775a,2026-02-23 10:54:52.208476
7f3ce1a4-7f19-4e36-9ddf-a8d98ab80397,761b9383-a22e-429c-b7fa-cba143af59ba,Annual Leave,2024-03-27,2024-03-29,2,Pending,d5d19a53-f0eb-4480-a58c-2924460368da,2026-02-23 10:54:52.208486
dc1f1c68-11c4-4634-9066-b24b0d39de2d,761b9383-a22e-429c-b7fa-cba143af59ba,Study Leave,2025-01-05,2025-01-12,7,Rejected,f4675ba3-f087-4281-b69d-adbce3006b06,2026-02-23 10:54:52.208495
6950880e-dcdd-4c2f-87d8-eb76a96d1626,761b9383-a22e-429c-b7fa-cba143af59ba,Annual Leave,2024-06-06,2024-06-20,14,Approved,e17e28aa-8f76-404b-9504-67aacbc32332,2026-02-23 10:54:52.208505
67b9276c-3009-4cb0-bba0-6550f8046b55,761b9383-a22e-429c-b7fa-cba143af59ba,Maternity Leave,2024-08-12,2024-08-18,6,Approved,deb008e5-6615-437a-9371-17b6ede878e1,2026-02-23 10:54:52.208515
57c33364-811e-4f69-846f-e8e86048199a,c0da24ec-7e26-4d2a-8b74-3f7c3ba80dc5,Annual Leave,2024-07-08,2024-07-18,10,Pending,1561326f-1d26-4dfb-a412-086919c9419d,2026-02-23 10:54:52.208525
c2e1eb07-ded6-47f0-aac1-b05dc8dbdd44,c0da24ec-7e26-4d2a-8b74-3f7c3ba80dc5,Paternity Leave,2025-09-24,2025-09-28,4,Approved,79d02cd6-dbee-4ae7-bceb-ab82ff6d23c7,2026-02-23 10:54:52.208534
b59d219c-3a11-4a39-8566-dbb5d4e4b898,fe7f7935-e1a2-4e48-a5f0-c9e4cd230a07,Sick Leave,2025-12-21,2026-01-03,13,Pending,0e26b1d2-8b1b-4bd8-a9de-dfbcc5d6c82a,2026-02-23 10:54:52.208544
a8ff112e-4aa0-4bf9-a6f1-958176d38e0a,fe7f7935-e1a2-4e48-a5f0-c9e4cd230a07,Compassionate Leave,2024-09-21,2024-09-25,4,Approved,30f694cb-7102-4630-a4ca-7acdccb754cc,2026-02-23 10:54:52.208553
25b38cac-d215-4f48-94a4-169a4c1a21c1,fe7f7935-e1a2-4e48-a5f0-c9e4cd230a07,Sick Leave,2025-04-16,2025-04-29,13,Approved,4919ddc8-8997-4c0f-bee4-7fcf33afaffc,2026-02-23 10:54:52.208563
81ac2469-df84-4056-b5f0-880e813ae131,fe7f7935-e1a2-4e48-a5f0-c9e4cd230a07,Annual Leave,2024-03-15,2024-03-22,7,Rejected,1b995d09-0776-4717-ba72-c9585f7c675b,2026-02-23 10:54:52.208572
84c6d3fd-1bd6-4d40-8ee6-9d44007de3cc,fe7f7935-e1a2-4e48-a5f0-c9e4cd230a07,Annual Leave,2024-10-30,2024-11-02,3,Approved,2a3d5924-8a1e-4757-a2cc-0868d910a0d5,2026-02-23 10:54:52.208582
064823b7-fc51-4cb6-a116-c8aa8341b601,0301d27b-3b23-40d2-816d-59fda9b9bed3,Study Leave,2024-02-07,2024-02-20,13,Pending,2a3d5924-8a1e-4757-a2cc-0868d910a0d5,2026-02-23 10:54:52.208592
d3e514f2-5b95-4e7f-b4bb-faa30468b2e4,0301d27b-3b23-40d2-816d-59fda9b9bed3,Maternity Leave,2025-08-05,2025-08-17,12,Approved,11bcd081-8e1d-40dc-aaca-006a85c4ec9a,2026-02-23 10:54:52.208604
d445d641-d776-4700-8b46-dd0ed44a60b2,0301d27b-3b23-40d2-816d-59fda9b9bed3,Paternity Leave,2025-08-15,2025-08-24,9,Approved,fc389fa0-930b-4018-8fe9-7b6e8f14271f,2026-02-23 10:54:52.208614
6ab2faa6-6673-4576-95a5-825cf4ec357d,0301d27b-3b23-40d2-816d-59fda9b9bed3,Paternity Leave,2024-04-26,2024-05-07,11,Rejected,e17e28aa-8f76-404b-9504-67aacbc32332,2026-02-23 10:54:52.208623
e8eca795-dbb6-4c7a-9937-9231fca58432,0301d27b-3b23-40d2-816d-59fda9b9bed3,Study Leave,2024-11-28,2024-12-05,7,Approved,6d6a5675-4856-4e99-b9e1-4f5fef59b838,2026-02-23 10:54:52.208632
4bae537e-1041-46de-8f95-291203f14543,0301d27b-3b23-40d2-816d-59fda9b9bed3,Maternity Leave,2025-07-03,2025-07-09,6,Rejected,e94359ce-c9e0-4942-af64-a6658207f759,2026-02-23 10:54:52.208641
9771e850-0649-469f-9798-a7645a07fd12,e025cf83-1169-4cf0-a84c-f838f6987536,Sick Leave,2025-07-31,2025-08-14,14,Approved,b2c508fa-949c-42d7-b762-55fb6b6c4034,2026-02-23 10:54:52.208651
f529689f-82df-4d58-84e6-54c07a9a9f9e,e025cf83-1169-4cf0-a84c-f838f6987536,Compassionate Leave,2025-06-09,2025-06-15,6,Approved,c2cea9ec-7da0-48f3-95d2-4041a87e3fe7,2026-02-23 10:54:52.208660
ed749e08-84b6-4989-a0a0-0d0aa4beebe1,e025cf83-1169-4cf0-a84c-f838f6987536,Sick Leave,2024-10-09,2024-10-20,11,Rejected,2a3d5924-8a1e-4757-a2cc-0868d910a0d5,2026-02-23 10:54:52.208670
71bcdf44-6ef8-46c7-986b-8a737098274d,ff57854e-5869-4d57-a3cc-507538ef6f24,Compassionate Leave,2024-09-01,2024-09-02,1,Pending,941bca12-f90a-4004-a85c-792003442bc3,2026-02-23 10:54:52.208680
6a230404-1519-4d09-9c97-fbcbbcd978d6,ff57854e-5869-4d57-a3cc-507538ef6f24,Sick Leave,2025-05-06,2025-05-10,4,Rejected,11bcd081-8e1d-40dc-aaca-006a85c4ec9a,2026-02-23 10:54:52.208690
93f4f9e7-7c9a-418b-9545-b674c67055ef,a0907a8d-bbd3-4029-8b63-18b3ff63432c,Annual Leave,2025-09-20,2025-10-02,12,Pending,e94359ce-c9e0-4942-af64-a6658207f759,2026-02-23 10:54:52.208700
6f062875-aaf8-4b95-9a0b-48bce84997ed,a0907a8d-bbd3-4029-8b63-18b3ff63432c,Sick Leave,2024-12-18,2024-12-22,4,Approved,28cb13d0-4c3a-4891-8517-b2200fe8c0c0,2026-02-23 10:54:52.208710
51196247-dfc5-49a4-813f-29f593574246,a0907a8d-bbd3-4029-8b63-18b3ff63432c,Annual Leave,2024-12-07,2024-12-11,4,Approved,dd83058f-f003-4af8-b701-be17f58458f4,2026-02-23 10:54:52.208719
e49a44c7-dcf8-49a1-8650-2dcb2a0065da,a0907a8d-bbd3-4029-8b63-18b3ff63432c,Annual Leave,2024-04-09,2024-04-20,11,Pending,cedf4efe-8ee6-44f7-a395-15c179414c14,2026-02-23 10:54:52.208729
6d319df2-18d7-4064-8d5a-34f7050b5239,a0907a8d-bbd3-4029-8b63-18b3ff63432c,Compassionate Leave,2025-09-27,2025-10-12,15,Rejected,41305b34-2ce5-4524-83d2-945750f27a0e,2026-02-23 10:54:52.208738
2b5bcf4f-a942-4c3a-bae1-0bffc3217cd2,a0907a8d-bbd3-4029-8b63-18b3ff63432c,Compassionate Leave,2024-02-07,2024-02-08,1,Approved,e025cf83-1169-4cf0-a84c-f838f6987536,2026-02-23 10:54:52.208747
577559b7-081b-4caf-80d1-d6b18f770d05,66dfa22d-9ac6-4646-b380-b10d730619c6,Maternity Leave,2025-11-04,2025-11-06,2,Approved,af9f5d06-e6c3-4859-8282-8e664f6ebae9,2026-02-23 10:54:52.208767
52ae15e5-51cb-4014-b972-030db9da2c15,66dfa22d-9ac6-4646-b380-b10d730619c6,Compassionate Leave,2024-07-21,2024-07-27,6,Pending,a3d9075f-97de-4d4f-a4da-b5d40d3173c9,2026-02-23 10:54:52.208784
718c0ed6-a443-4df5-ac04-8b34f789e364,66dfa22d-9ac6-4646-b380-b10d730619c6,Study Leave,2025-04-24,2025-05-03,9,Approved,49eac2f0-7e4e-450f-9b47-46f89fa57a5d,2026-02-23 10:54:52.208794
68576b50-7b1f-4fa6-a353-d4e1f512f43d,6f46bc71-a97e-4989-9ec1-f114399219d1,Maternity Leave,2024-01-20,2024-01-31,11,Approved,b8ec9f4f-63bf-4feb-b095-a025fd0e0dde,2026-02-23 10:54:52.208804
fda142dc-3123-4ed7-8af3-8b3b616b8325,6f46bc71-a97e-4989-9ec1-f114399219d1,Paternity Leave,2025-01-27,2025-02-04,8,Approved,66dfa22d-9ac6-4646-b380-b10d730619c6,2026-02-23 10:54:52.208813
1cec088f-b3e7-46d0-a562-24c7d1dd56bb,6f46bc71-a97e-4989-9ec1-f114399219d1,Compassionate Leave,2025-04-12,2025-04-14,2,Approved,1f024d78-c38e-4783-a344-04db3d2585df,2026-02-23 10:54:52.208822
8112b6de-3572-43f9-a341-bcc92215cc0d,d5d19a53-f0eb-4480-a58c-2924460368da,Sick Leave,2024-01-03,2024-01-04,1,Approved,975e0078-821c-4ac7-8308-f70a0a6fdc87,2026-02-23 10:54:52.208836
654027d4-7512-4326-8094-24c50b5a7b64,d5d19a53-f0eb-4480-a58c-2924460368da,Sick Leave,2024-11-06,2024-11-21,15,Approved,761b9383-a22e-429c-b7fa-cba143af59ba,2026-02-23 10:54:52.208847
ea4365ce-8839-4e29-9c2c-e39fab327cd4,d5d19a53-f0eb-4480-a58c-2924460368da,Sick Leave,2025-11-04,2025-11-08,4,Approved,dfe7b245-4429-4631-a091-df7c518f56b0,2026-02-23 10:54:52.208856
fedf7f69-0117-4661-bfed-788a3838b369,d5d19a53-f0eb-4480-a58c-2924460368da,Compassionate Leave,2025-12-31,2026-01-05,5,Approved,ea584e6f-2059-4546-b2e5-39bf5b6d91f0,2026-02-23 10:54:52.208865
2ff44338-8fc8-450d-a009-a7f153a4704e,d5d19a53-f0eb-4480-a58c-2924460368da,Paternity Leave,2025-07-08,2025-07-16,8,Approved,13f74086-e15f-479b-aa48-73d5d60e788b,2026-02-23 10:54:52.208874
d6a6ca38-3f9b-4692-bd4f-8d2efa4a2be4,d5d19a53-f0eb-4480-a58c-2924460368da,Paternity Leave,2024-11-01,2024-11-07,6,Approved,0e26b1d2-8b1b-4bd8-a9de-dfbcc5d6c82a,2026-02-23 10:54:52.208883
f58f61a3-7453-4435-b9d8-8b8b80b1ca57,04539a60-7c26-4abb-8a12-368f57142cb7,Compassionate Leave,2025-06-02,2025-06-11,9,Approved,af9f5d06-e6c3-4859-8282-8e664f6ebae9,2026-02-23 10:54:52.208893
5983857a-8228-468d-acdd-28542948750d,04539a60-7c26-4abb-8a12-368f57142cb7,Study Leave,2024-11-19,2024-12-02,13,Approved,f425c095-0e0b-427a-9a01-773901b2fe8b,2026-02-23 10:54:52.208903
6ca00f11-f1a3-4122-8808-1a5be4f9746d,311c93e6-cbbe-44cc-ab78-18ec527f6743,Study Leave,2025-11-11,2025-11-23,12,Pending,ec6961cd-8d1f-40b3-9ca2-8788eedb7a4a,2026-02-23 10:54:52.208912
cdc74618-04d1-48ed-9596-3e7e055ff174,311c93e6-cbbe-44cc-ab78-18ec527f6743,Paternity Leave,2025-03-26,2025-03-31,5,Approved,1f024d78-c38e-4783-a344-04db3d2585df,2026-02-23 10:54:52.208921
f455fb6f-e08f-4d54-a76e-6ebc8e6c8c8d,311c93e6-cbbe-44cc-ab78-18ec527f6743,Maternity Leave,2024-07-10,2024-07-13,3,Pending,14afa235-901f-4e4d-95bf-a99a463cc548,2026-02-23 10:54:52.208930
592201e2-7898-4629-89ca-3f54d65760b9,311c93e6-cbbe-44cc-ab78-18ec527f6743,Study Leave,2024-11-08,2024-11-15,7,Approved,b2c508fa-949c-42d7-b762-55fb6b6c4034,2026-02-23 10:54:52.208939
57e95fed-dbaa-4cd0-819c-9d484d7058f4,1978e8ba-f74b-4dd7-a07f-9a02c99f5c62,Paternity Leave,2025-04-27,2025-05-05,8,Approved,941bca12-f90a-4004-a85c-792003442bc3,2026-02-23 10:54:52.208950
499c8496-6659-44c1-afee-a390635fc7a3,1978e8ba-f74b-4dd7-a07f-9a02c99f5c62,Paternity Leave,2025-04-07,2025-04-22,15,Approved,47d8e6ba-9273-4e97-870d-a5c4b3ae6bbd,2026-02-23 10:54:52.208959
8bf943ca-68e3-4698-983d-af7adc15458b,1978e8ba-f74b-4dd7-a07f-9a02c99f5c62,Sick Leave,2025-01-04,2025-01-05,1,Rejected,be8b92fe-3b10-49ea-9287-1f95a46814ea,2026-02-23 10:54:52.208970
694da900-765b-4bea-9b7b-74f3c75e930e,1978e8ba-f74b-4dd7-a07f-9a02c99f5c62,Annual Leave,2024-06-10,2024-06-23,13,Approved,db5795c4-a3ee-482e-986b-bb27fe1a6f84,2026-02-23 10:54:52.208983
74ce39ce-e010-4671-9500-b1202c61dc86,ad9a51d1-16f4-47bc-a4ce-ce1bc670a73d,Sick Leave,2024-04-18,2024-04-22,4,Pending,49fc2842-fddd-44bb-90be-b4db9a0bac48,2026-02-23 10:54:52.208992
751ff620-46bc-41d3-82e5-7dade455d0e1,ad9a51d1-16f4-47bc-a4ce-ce1bc670a73d,Compassionate Leave,2024-10-18,2024-10-29,11,Approved,3e057cef-fddd-4b26-825b-4bdf15b4dfc2,2026-02-23 10:54:52.209001
56608f46-1bef-4826-8be7-511f3bf1ee65,af9f5d06-e6c3-4859-8282-8e664f6ebae9,Paternity Leave,2024-04-19,2024-04-27,8,Approved,6d6a5675-4856-4e99-b9e1-4f5fef59b838,2026-02-23 10:54:52.209073
ea6d1e3f-7590-4345-aad5-bf8bc11823b5,af9f5d06-e6c3-4859-8282-8e664f6ebae9,Paternity Leave,2024-01-06,2024-01-15,9,Pending,ea570582-0c67-488e-b7f1-dde2c1acfedb,2026-02-23 10:54:52.209121
ca85e231-f0b3-42bf-b784-8a92eff5af25,af9f5d06-e6c3-4859-8282-8e664f6ebae9,Paternity Leave,2025-05-25,2025-06-01,7,Approved,fe54ebbb-2c0c-4009-a811-ee089e7dec77,2026-02-23 10:54:52.209132
bdae8cc5-d52b-4337-8713-441dcc87e2f1,af9f5d06-e6c3-4859-8282-8e664f6ebae9,Maternity Leave,2025-11-04,2025-11-05,1,Pending,a3dc6d64-2521-4735-8eba-fedb77f76c27,2026-02-23 10:54:52.209149
22307836-bb54-4aea-8f5f-979ef71494dc,af9f5d06-e6c3-4859-8282-8e664f6ebae9,Paternity Leave,2024-11-26,2024-12-04,8,Approved,e924e942-2636-4d55-a146-0504952bfdae,2026-02-23 10:54:52.209159
4867ddac-bcec-4bf1-9f07-f94b4c15ef89,af9f5d06-e6c3-4859-8282-8e664f6ebae9,Study Leave,2025-02-07,2025-02-10,3,Approved,11bcd081-8e1d-40dc-aaca-006a85c4ec9a,2026-02-23 10:54:52.209171
04aea260-44cf-42d4-9243-0889ee5489f5,e0ac1ea6-2139-4814-aed7-8e6908734903,Compassionate Leave,2024-02-09,2024-02-20,11,Pending,deb008e5-6615-437a-9371-17b6ede878e1,2026-02-23 10:54:52.209182
81cb96e3-6f08-49a5-bd41-fca7af1a178a,e0ac1ea6-2139-4814-aed7-8e6908734903,Study Leave,2025-11-02,2025-11-06,4,Approved,6d6a5675-4856-4e99-b9e1-4f5fef59b838,2026-02-23 10:54:52.209191
5a2ead4d-c385-45f9-992b-dbea5346d082,e0ac1ea6-2139-4814-aed7-8e6908734903,Maternity Leave,2024-07-09,2024-07-16,7,Approved,6c9f29c5-5d5b-4a5d-afd0-14ab8be91abf,2026-02-23 10:54:52.209204
9b1e1246-4c95-445b-bd03-4814b2d7e432,e0ac1ea6-2139-4814-aed7-8e6908734903,Sick Leave,2025-02-11,2025-02-17,6,Approved,a1b8d0bb-5c83-4a28-8749-631b96fca46c,2026-02-23 10:54:52.209214
63608aab-139d-41e5-a598-e0168a3341c8,ea584e6f-2059-4546-b2e5-39bf5b6d91f0,Compassionate Leave,2024-02-18,2024-03-04,15,Pending,059f7d32-2a53-4066-a6c0-e6010bdd4aed,2026-02-23 10:54:52.209224
24c96aaa-cbf6-488e-8d1a-d811c7695a04,ea584e6f-2059-4546-b2e5-39bf5b6d91f0,Paternity Leave,2024-08-27,2024-09-08,12,Pending,d8dfd797-40f5-4acd-a4ca-3d9473f31861,2026-02-23 10:54:52.209235
149e7c39-7882-4f03-b7c5-2cc8b0ed7e0b,ea584e6f-2059-4546-b2e5-39bf5b6d91f0,Sick Leave,2025-07-23,2025-07-25,2,Pending,9086ef7d-a5e7-4dc8-b2eb-614655299514,2026-02-23 10:54:52.209251
ceb3ede4-3510-4350-b7aa-0008cb518bb8,ea584e6f-2059-4546-b2e5-39bf5b6d91f0,Maternity Leave,2024-11-11,2024-11-22,11,Approved,b8de5a6c-44c0-49f6-bdbd-365c949577ba,2026-02-23 10:54:52.209260
65543f88-649a-4778-a21f-a4617db2dbf1,ea584e6f-2059-4546-b2e5-39bf5b6d91f0,Maternity Leave,2024-03-30,2024-04-06,7,Approved,fa5748e6-3969-42d9-a734-d67d41d569eb,2026-02-23 10:54:52.209269
3a59dc03-268e-4bcd-909d-0f29dd890a69,2a3d5924-8a1e-4757-a2cc-0868d910a0d5,Sick Leave,2024-04-30,2024-05-13,13,Approved,bc3fd319-3ae4-4f1e-99dc-7bb2b1d37cd9,2026-02-23 10:54:52.209280
24e730d7-33ac-4bdb-84bc-5818788c2b0e,2a3d5924-8a1e-4757-a2cc-0868d910a0d5,Paternity Leave,2024-12-31,2025-01-11,11,Pending,182d5d7c-f5ea-4353-a6be-af62cc5a9387,2026-02-23 10:54:52.209289
c5aae224-dd64-4912-89bc-ad125d93b7f2,2a3d5924-8a1e-4757-a2cc-0868d910a0d5,Annual Leave,2024-12-19,2024-12-26,7,Approved,af9f5d06-e6c3-4859-8282-8e664f6ebae9,2026-02-23 10:54:52.209299
f9521b44-8ea2-4819-8f14-f43b37d3a3f2,87f64f8d-b65f-440e-ad22-dc2e0e26944f,Annual Leave,2025-02-08,2025-02-10,2,Approved,ce63a441-1783-4db1-932a-493de6131114,2026-02-23 10:54:52.209308
bc2c86bc-0c99-4c00-afb3-42b2e137b15f,87f64f8d-b65f-440e-ad22-dc2e0e26944f,Annual Leave,2025-09-02,2025-09-05,3,Approved,61d91d7a-7705-4c5f-aa40-f5042a98b2fb,2026-02-23 10:54:52.209317
b2df853b-743e-47ba-9634-034a54bd0d06,87f64f8d-b65f-440e-ad22-dc2e0e26944f,Compassionate Leave,2024-09-21,2024-09-25,4,Pending,761b9383-a22e-429c-b7fa-cba143af59ba,2026-02-23 10:54:52.209326
e4a70cd4-b9a1-4d25-8f99-7f555c77be97,87f64f8d-b65f-440e-ad22-dc2e0e26944f,Study Leave,2024-04-23,2024-05-01,8,Approved,6c9f29c5-5d5b-4a5d-afd0-14ab8be91abf,2026-02-23 10:54:52.209336
